;total_pacotes;total_pacotes_icmp;total_pacotes_udp;total_pacotes_tcp;maior_pacote;menor_pacote;soma_pacotes;total_ips_origem;total_ips_destino;porta_origem_mais_frequente;porta_destino_mais_frequente;has_bot
0;4;0;0;0;94;64;346;2;2;0.0;0.0;0
1;0;0;0;0;0;0;0;0;0;0.0;0.0;0
2;31;0;0;18;342;60;2832;8;8;0.0;0.0;0
3;6;4;0;0;130;60;456;3;4;0.0;0.0;1
4;28;0;0;12;223;60;2938;6;8;0.0;0.0;0
5;3;0;0;0;342;203;756;2;2;0.0;0.0;0
6;2;0;0;0;211;64;275;2;2;0.0;0.0;0
7;1;0;0;0;203;203;203;1;1;0.0;0.0;0
8;2;0;0;0;211;64;275;2;2;0.0;0.0;0
9;0;0;0;0;0;0;0;0;0;0.0;0.0;0
10;23;0;0;12;342;64;2310;4;6;0.0;0.0;0
11;31;0;0;27;203;60;2349;5;6;0.0;0.0;0
12;14;0;0;8;94;60;1028;5;5;0.0;0.0;0
13;0;0;0;0;0;0;0;0;0;0.0;0.0;0
14;1;0;0;0;64;64;64;1;1;0.0;0.0;0
15;10;4;0;6;72;60;648;2;2;0.0;0.0;1
16;1;0;0;0;64;64;64;1;1;0.0;0.0;0
17;8;0;0;2;66;60;492;3;3;0.0;0.0;0
18;7;0;0;4;112;64;614;2;2;0.0;0.0;0
19;23;0;0;17;203;60;2001;3;4;0.0;0.0;0
20;22;0;0;14;94;60;1510;7;7;0.0;0.0;0
21;9;4;0;0;342;72;1006;4;4;0.0;0.0;1
22;2;0;0;0;64;60;124;2;2;0.0;0.0;0
23;0;0;0;0;0;0;0;0;0;0.0;0.0;0
24;7;0;0;6;64;60;424;3;3;0.0;0.0;1
25;8;8;0;0;72;72;576;2;2;0.0;0.0;1
26;3;0;0;2;64;62;188;2;2;0.0;0.0;0
27;1;0;0;0;462;462;462;1;1;0.0;0.0;0
28;5;4;0;0;72;64;352;3;3;0.0;0.0;1
29;3;0;0;0;94;94;282;1;1;0.0;0.0;0
30;1;0;0;0;64;64;64;1;1;0.0;0.0;0
31;5;0;0;0;342;94;718;2;2;0.0;0.0;0
32;1;0;0;0;64;64;64;1;1;0.0;0.0;0
33;4;4;0;0;72;72;288;2;2;0.0;0.0;1
34;1;0;0;0;64;64;64;1;1;0.0;0.0;0
35;1;0;0;0;203;203;203;1;1;0.0;0.0;0
36;1;0;0;0;64;64;64;1;1;0.0;0.0;0
37;0;0;0;0;0;0;0;0;0;0.0;0.0;0
38;4;0;0;0;94;64;346;2;2;0.0;0.0;0
39;14;0;0;14;60;60;840;1;5;0.0;0.0;0
40;7;0;0;4;89;60;532;3;3;0.0;0.0;0
41;4;0;0;0;94;94;376;1;1;0.0;0.0;0
42;2;0;0;0;64;60;124;2;2;0.0;0.0;0
43;4;0;0;0;60;60;240;2;2;0.0;0.0;0
44;1;0;0;0;64;64;64;1;1;0.0;0.0;0
45;0;0;0;0;0;0;0;0;0;0.0;0.0;0
46;1;0;0;0;64;64;64;1;1;0.0;0.0;0
47;2;0;0;0;110;110;220;1;1;0.0;0.0;0
48;4;0;0;0;94;64;346;2;2;0.0;0.0;0
49;0;0;0;0;0;0;0;0;0;0.0;0.0;0
50;6;0;0;0;462;64;902;3;3;0.0;0.0;0
51;0;0;0;0;0;0;0;0;0;0.0;0.0;0
52;12;4;0;6;72;60;772;4;4;0.0;0.0;1
53;0;0;0;0;0;0;0;0;0;0.0;0.0;0
54;1;0;0;0;64;64;64;1;1;0.0;0.0;0
55;0;0;0;0;0;0;0;0;0;0.0;0.0;0
56;1;0;0;0;64;64;64;1;1;0.0;0.0;0
57;7;0;0;0;94;60;522;3;3;0.0;0.0;0
58;5;4;0;0;72;64;352;3;3;0.0;0.0;1
59;0;0;0;0;0;0;0;0;0;0.0;0.0;0
60;5;0;0;0;94;64;440;2;2;0.0;0.0;0
61;0;0;0;0;0;0;0;0;0;0.0;0.0;0
62;11;8;0;2;72;64;772;4;4;0.0;0.0;1
63;0;0;0;0;0;0;0;0;0;0.0;0.0;0
64;1;0;0;0;64;64;64;1;1;0.0;0.0;0
65;8;4;0;4;72;60;528;2;2;0.0;0.0;1
66;3;0;0;2;66;64;196;2;2;0.0;0.0;0
67;3;0;0;0;94;94;282;1;1;0.0;0.0;0
68;1;0;0;0;64;64;64;1;1;0.0;0.0;0
69;24;0;0;16;1042;66;5088;3;3;0.0;0.0;1
70;25;4;0;15;914;64;4152;3;3;0.0;0.0;1
71;8;0;0;5;150;66;968;2;2;0.0;0.0;1
72;4;0;0;2;64;60;248;3;3;0.0;0.0;0
73;2;0;0;1;134;134;268;1;1;0.0;0.0;0
74;5;0;0;3;150;64;496;3;3;0.0;0.0;1
75;0;0;0;0;0;0;0;0;0;0.0;0.0;0
76;14;0;0;4;150;60;1286;6;6;0.0;0.0;1
77;4;0;0;3;150;78;456;2;2;0.0;0.0;1
78;3;0;0;1;134;64;332;2;2;0.0;0.0;0
79;16;0;0;10;134;66;1408;3;3;0.0;0.0;1
80;2;0;0;0;462;64;526;2;2;0.0;0.0;0
81;0;0;0;0;0;0;0;0;0;0.0;0.0;0
82;2;0;0;0;64;60;124;2;2;0.0;0.0;0
83;0;0;0;0;0;0;0;0;0;0.0;0.0;0
84;1;0;0;0;64;64;64;1;1;0.0;0.0;0
85;0;0;0;0;0;0;0;0;0;0.0;0.0;0
86;4;0;0;0;94;64;346;2;2;0.0;0.0;0
87;0;0;0;0;0;0;0;0;0;0.0;0.0;0
88;5;4;0;0;72;64;352;3;3;0.0;0.0;1
89;4;0;0;0;94;94;376;1;1;0.0;0.0;0
90;1;0;0;0;64;64;64;1;1;0.0;0.0;0
91;0;0;0;0;0;0;0;0;0;0.0;0.0;0
92;5;0;0;0;92;64;400;3;3;0.0;0.0;0
93;0;0;0;0;0;0;0;0;0;0.0;0.0;0
94;5;4;0;0;72;64;352;3;3;0.0;0.0;1
95;0;0;0;0;0;0;0;0;0;0.0;0.0;0
96;10;0;0;0;146;64;1066;2;2;0.0;0.0;0
97;0;0;0;0;0;0;0;0;0;0.0;0.0;0
98;13;4;0;0;98;64;1120;4;4;0.0;0.0;1
99;4;4;0;0;72;72;288;2;2;0.0;0.0;1
100;1;0;0;0;64;64;64;1;1;0.0;0.0;0
101;4;4;0;0;72;72;288;2;2;0.0;0.0;1
102;2;0;0;0;64;60;124;2;2;0.0;0.0;0
103;1;0;0;0;462;462;462;1;1;0.0;0.0;0
104;1;0;0;0;64;64;64;1;1;0.0;0.0;0
105;3;0;0;0;94;94;282;1;1;0.0;0.0;0
106;1;0;0;0;64;64;64;1;1;0.0;0.0;0
107;8;4;0;0;94;72;664;3;3;0.0;0.0;1
108;1;0;0;0;64;64;64;1;1;0.0;0.0;0
109;0;0;0;0;0;0;0;0;0;0.0;0.0;0
110;3;0;0;2;74;64;212;2;2;0.0;0.0;0
111;2;0;0;2;74;74;148;1;1;0.0;0.0;0
112;2;0;0;0;64;60;124;2;2;0.0;0.0;0
113;2;0;0;2;74;74;148;1;1;0.0;0.0;0
114;1;0;0;0;64;64;64;1;1;0.0;0.0;0
115;7;0;0;0;94;60;522;3;3;0.0;0.0;0
116;5;0;0;0;94;64;440;2;2;0.0;0.0;0
117;2;0;0;2;74;74;148;1;1;0.0;0.0;0
118;1;0;0;0;64;64;64;1;1;0.0;0.0;0
119;6;0;0;6;60;60;360;2;2;0.0;0.0;1
120;1;0;0;0;64;64;64;1;1;0.0;0.0;0
121;4;4;0;0;60;60;240;2;2;0.0;0.0;1
122;1;0;0;0;64;64;64;1;1;0.0;0.0;0
123;0;0;0;0;0;0;0;0;0;0.0;0.0;0
124;4;0;0;0;94;64;346;2;2;0.0;0.0;0
125;10;4;0;6;72;60;648;2;2;0.0;0.0;1
126;7;0;0;2;94;64;588;3;3;0.0;0.0;0
127;0;0;0;0;0;0;0;0;0;0.0;0.0;0
128;1;0;0;0;64;64;64;1;1;0.0;0.0;0
129;0;0;0;0;0;0;0;0;0;0.0;0.0;0
130;1;0;0;0;64;64;64;1;1;0.0;0.0;0
131;5;4;0;0;462;72;750;3;3;0.0;0.0;1
132;2;0;0;0;64;60;124;2;2;0.0;0.0;0
133;0;0;0;0;0;0;0;0;0;0.0;0.0;0
134;59;0;0;32;2787;60;11440;7;7;0.0;0.0;0
135;40;0;0;28;416;60;4634;2;2;0.0;0.0;0
136;13;8;0;0;94;64;1016;4;4;0.0;0.0;1
137;0;0;0;0;0;0;0;0;0;0.0;0.0;0
138;1;0;0;0;64;64;64;1;1;0.0;0.0;0
139;4;4;0;0;72;72;288;2;2;0.0;0.0;1
140;1;0;0;0;64;64;64;1;1;0.0;0.0;0
141;8;0;0;4;74;60;536;4;4;0.0;0.0;1
142;6;0;0;4;74;60;420;4;4;0.0;0.0;0
143;20;0;0;14;1042;60;6896;2;2;0.0;0.0;1
144;483;4;0;224;3500;60;128252;12;12;0.0;0.0;1
145;196;0;0;103;1484;60;43042;8;9;0.0;0.0;1
146;689;0;0;410;2914;60;349848;10;10;0.0;0.0;0
147;18;0;0;7;145;60;1644;6;7;0.0;0.0;0
148;5;0;0;3;150;64;496;3;3;0.0;0.0;1
149;12;0;0;12;60;60;720;3;3;0.0;0.0;0
150;7;0;0;4;150;64;764;3;3;0.0;0.0;1
151;4;0;0;0;145;145;580;1;1;0.0;0.0;0
152;7;0;0;5;134;64;620;3;3;0.0;0.0;1
153;6;0;0;5;118;66;500;2;2;0.0;0.0;1
154;14;0;0;10;94;60;982;6;6;0.0;0.0;1
155;408;0;0;229;2974;60;101364;13;13;0.0;0.0;0
156;635;0;0;475;2914;60;161760;11;10;0.0;0.0;0
157;1294;0;0;883;3101;60;684812;18;17;0.0;0.0;0
158;505;0;0;372;3010;60;372442;14;10;0.0;0.0;1
159;18;0;0;14;145;60;1456;4;4;0.0;0.0;0
160;5;0;0;4;66;64;328;3;2;0.0;0.0;0
161;24;0;0;24;60;60;1440;4;4;0.0;0.0;0
162;30;4;0;18;1484;60;6966;8;7;0.0;0.0;1
163;33;0;0;30;94;66;2262;3;2;0.0;0.0;0
164;13;0;0;8;94;60;956;6;5;0.0;0.0;0
165;20;0;0;20;66;60;1248;5;5;0.0;0.0;0
166;19;0;0;13;230;60;2024;4;4;0.0;0.0;0
167;28;0;0;28;66;60;1764;4;4;0.0;0.0;0
168;88;4;0;62;2580;60;14498;9;9;0.0;0.0;1
169;0;0;0;0;0;0;0;0;0;0.0;0.0;0
170;7;0;0;6;66;64;460;3;2;0.0;0.0;0
171;2;0;0;2;66;66;132;1;1;0.0;0.0;0
172;14;8;0;4;72;60;964;6;5;0.0;0.0;1
173;7;0;0;0;94;94;658;2;1;0.0;0.0;0
174;5;0;0;4;66;60;316;3;3;0.0;0.0;0
175;28;4;0;20;145;60;2144;8;9;0.0;0.0;1
176;7;0;0;6;66;60;436;4;4;0.0;0.0;0
177;26;0;0;26;66;60;1632;3;4;0.0;0.0;0
178;107;0;0;74;1960;60;22656;10;9;0.0;0.0;0
179;0;0;0;0;0;0;0;0;0;0.0;0.0;0
180;5;0;0;0;64;60;304;3;3;0.0;0.0;0
181;5;4;0;0;462;72;750;3;3;0.0;0.0;1
182;16;0;0;0;181;64;2422;4;4;0.0;0.0;0
183;4;0;0;0;94;94;376;1;1;0.0;0.0;0
184;9;0;0;4;243;60;1288;3;4;0.0;0.0;0
185;36;0;0;24;181;60;3540;6;6;0.0;0.0;0
186;9;0;0;8;66;60;556;5;5;0.0;0.0;0
187;24;0;0;24;66;60;1512;3;3;0.0;0.0;0
188;53;0;0;40;181;60;4648;9;10;0.0;0.0;0
189;0;0;0;0;0;0;0;0;0;0.0;0.0;0
190;1;0;0;0;64;64;64;1;1;0.0;0.0;0
191;3;0;0;0;94;94;282;1;1;0.0;0.0;0
192;6;0;0;0;94;60;500;3;3;0.0;0.0;0
193;0;0;0;0;0;0;0;0;0;0.0;0.0;0
194;3;0;0;2;64;60;184;2;2;0.0;0.0;0
195;10;0;0;10;66;60;636;4;4;0.0;0.0;0
196;27;0;0;17;230;60;2620;6;7;0.0;0.0;0
197;22;0;0;22;66;60;1380;3;4;0.0;0.0;0
198;45;0;0;44;66;60;2836;9;8;0.0;0.0;0
199;4;4;0;0;72;72;288;2;2;0.0;0.0;1
200;4;0;0;0;94;64;346;2;2;0.0;0.0;0
201;0;0;0;0;0;0;0;0;0;0.0;0.0;0
202;6;0;0;0;94;60;500;3;3;0.0;0.0;0
203;32;0;0;22;100;60;2584;3;3;0.0;0.0;0
204;31;0;0;20;100;60;2528;5;5;0.0;0.0;0
205;60;4;0;44;100;60;4508;11;11;0.0;0.0;1
206;6;0;0;4;462;60;766;4;4;0.0;0.0;0
207;20;0;0;16;145;60;1576;4;5;0.0;0.0;0
208;156;0;0;112;2463;60;23214;12;13;0.0;0.0;0
209;13;8;0;2;94;60;978;4;4;0.0;0.0;1
210;5;0;0;0;64;60;304;3;3;0.0;0.0;0
211;8;0;0;0;94;60;616;3;3;0.0;0.0;0
212;5;4;0;0;72;64;352;3;3;0.0;0.0;1
213;0;0;0;0;0;0;0;0;0;0.0;0.0;0
214;17;0;0;2;347;64;2672;3;5;0.0;0.0;0
215;104;0;0;63;2974;60;30698;14;14;0.0;0.0;0
216;37;0;0;31;100;60;2594;5;9;0.0;0.0;0
217;16;0;0;16;66;60;996;3;5;0.0;0.0;0
218;64;4;0;56;94;60;4162;11;11;0.0;0.0;1
219;4;0;0;4;60;60;240;2;2;0.0;0.0;0
220;17;0;0;8;100;60;1412;4;4;0.0;0.0;0
221;0;0;0;0;0;0;0;0;0;0.0;0.0;0
222;2;0;0;0;64;60;124;2;2;0.0;0.0;0
223;6;0;0;6;60;60;360;2;2;0.0;0.0;1
224;1;0;0;0;64;64;64;1;1;0.0;0.0;0
225;16;0;0;16;66;60;996;6;6;0.0;0.0;0
226;13;0;0;10;107;64;1000;3;3;0.0;0.0;1
227;32;0;0;27;1042;60;7596;5;5;0.0;0.0;1
228;74;0;0;65;150;60;5446;11;11;0.0;0.0;1
229;10;0;0;8;150;60;828;4;4;0.0;0.0;1
230;5;0;0;0;94;64;440;2;2;0.0;0.0;0
231;6;0;0;4;150;66;700;2;2;0.0;0.0;1
232;4;0;0;1;134;60;392;3;3;0.0;0.0;0
233;4;0;0;3;150;66;432;2;2;0.0;0.0;1
234;1;0;0;0;64;64;64;1;1;0.0;0.0;0
235;26;0;0;24;134;60;1896;8;8;0.0;0.0;1
236;8;4;0;2;462;64;946;4;4;0.0;0.0;1
237;11;0;0;8;94;60;786;4;4;0.0;0.0;0
238;61;0;0;60;66;60;3844;8;8;0.0;0.0;0
239;16;0;0;11;94;60;1146;3;3;0.0;0.0;0
240;1;0;0;0;64;64;64;1;1;0.0;0.0;0
241;0;0;0;0;0;0;0;0;0;0.0;0.0;0
242;5;4;0;0;72;64;352;3;3;0.0;0.0;1
243;0;0;0;0;0;0;0;0;0;0.0;0.0;0
244;11;0;0;6;64;60;664;5;5;0.0;0.0;1
245;16;0;0;16;66;60;996;6;6;0.0;0.0;0
246;12;8;0;0;94;64;922;4;4;0.0;0.0;1
247;8;0;0;8;66;60;504;3;3;0.0;0.0;0
248;63;0;0;62;66;60;3976;8;9;0.0;0.0;0
249;4;0;0;0;94;94;376;1;1;0.0;0.0;0
250;5;4;0;0;72;64;352;3;3;0.0;0.0;1
251;2;0;0;2;66;66;132;1;1;0.0;0.0;0
252;2;0;0;0;64;60;124;2;2;0.0;0.0;0
253;0;0;0;0;0;0;0;0;0;0.0;0.0;0
254;1;0;0;0;64;64;64;1;1;0.0;0.0;0
255;32;4;0;24;100;60;2256;9;9;0.0;0.0;1
256;4;0;0;0;94;64;346;2;2;0.0;0.0;0
257;10;0;0;10;66;60;628;3;4;0.0;0.0;0
258;65;0;0;60;94;60;4220;9;9;0.0;0.0;0
259;0;0;0;0;0;0;0;0;0;0.0;0.0;0
260;19;0;0;17;85;60;1194;5;5;0.0;0.0;1
261;26;0;0;16;100;60;2224;3;3;0.0;0.0;0
262;34;0;0;22;100;60;2708;7;7;0.0;0.0;0
263;33;0;0;20;462;60;3206;6;6;0.0;0.0;0
264;1;0;0;0;64;64;64;1;1;0.0;0.0;0
265;15;0;0;12;94;60;1026;5;5;0.0;0.0;0
266;31;0;0;11;230;60;3444;5;5;0.0;0.0;0
267;22;0;0;20;100;60;1492;6;6;0.0;0.0;1
268;65;0;0;60;94;60;4220;9;9;0.0;0.0;0
269;1;0;0;0;60;60;60;1;1;0.0;0.0;0
270;1;0;0;0;64;64;64;1;1;0.0;0.0;0
271;0;0;0;0;0;0;0;0;0;0.0;0.0;0
272;1;0;0;0;64;64;64;1;1;0.0;0.0;0
273;116;4;0;98;100;60;7874;8;14;0.0;0.0;1
274;57;0;0;43;2974;60;14692;10;11;0.0;0.0;0
275;28;0;0;25;210;60;2164;6;6;0.0;0.0;0
276;1;0;0;0;64;64;64;1;1;0.0;0.0;0
277;4;0;0;0;94;94;376;1;1;0.0;0.0;0
278;59;6;0;27;230;60;5412;11;11;0.0;0.0;1
279;4;4;0;0;72;72;288;2;2;0.0;0.0;1
280;1;0;0;0;64;64;64;1;1;0.0;0.0;0
281;0;0;0;0;0;0;0;0;0;0.0;0.0;0
282;6;4;0;0;72;60;412;4;4;0.0;0.0;1
283;8;4;0;0;72;60;528;4;4;0.0;0.0;1
284;10;0;0;6;94;60;706;4;4;0.0;0.0;1
285;12;0;0;12;66;60;744;4;4;0.0;0.0;0
286;9;4;0;0;94;64;728;4;4;0.0;0.0;1
287;4;0;0;0;60;60;240;2;2;0.0;0.0;0
288;7;0;0;6;66;60;436;4;4;0.0;0.0;0
289;6;0;0;2;149;66;728;2;2;0.0;0.0;0
290;5;0;0;0;149;64;660;2;2;0.0;0.0;0
291;0;0;0;0;0;0;0;0;0;0.0;0.0;0
292;15;8;0;0;462;60;1710;5;5;0.0;0.0;1
293;0;0;0;0;0;0;0;0;0;0.0;0.0;0
294;10;0;0;6;94;60;706;4;4;0.0;0.0;0
295;12;0;0;12;66;60;744;4;4;0.0;0.0;0
296;9;0;0;0;149;64;1036;3;3;0.0;0.0;0
297;0;0;0;0;0;0;0;0;0;0.0;0.0;0
298;5;0;0;4;66;60;316;3;3;0.0;0.0;0
299;0;0;0;0;0;0;0;0;0;0.0;0.0;0
300;1;0;0;0;64;64;64;1;1;0.0;0.0;0
301;0;0;0;0;0;0;0;0;0;0.0;0.0;0
302;1;0;0;0;64;64;64;1;1;0.0;0.0;0
303;3;0;0;0;94;94;282;1;1;0.0;0.0;0
304;5;0;0;0;149;64;660;2;2;0.0;0.0;0
305;16;0;0;12;94;60;1120;5;5;0.0;0.0;0
306;1;0;0;0;64;64;64;1;1;0.0;0.0;0
307;0;0;0;0;0;0;0;0;0;0.0;0.0;0
308;5;0;0;4;66;60;316;3;3;0.0;0.0;0
309;0;0;0;0;0;0;0;0;0;0.0;0.0;0
310;11;4;0;6;72;60;712;3;3;0.0;0.0;1
311;0;0;0;0;0;0;0;0;0;0.0;0.0;0
312;5;0;0;0;94;60;406;3;3;0.0;0.0;0
313;0;0;0;0;0;0;0;0;0;0.0;0.0;0
314;6;0;0;0;462;64;902;3;3;0.0;0.0;0
315;58;0;0;50;100;60;4024;8;8;0.0;0.0;0
316;25;4;0;16;100;60;1812;6;6;0.0;0.0;1
317;42;0;0;34;100;60;3040;5;5;0.0;0.0;0
318;11;0;0;10;66;60;676;5;5;0.0;0.0;1
319;0;0;0;0;0;0;0;0;0;0.0;0.0;0
320;17;8;0;0;149;60;1476;6;6;0.0;0.0;1
321;0;0;0;0;0;0;0;0;0;0.0;0.0;0
322;5;0;0;0;94;60;406;3;3;0.0;0.0;0
323;4;0;0;4;74;74;296;2;2;0.0;0.0;1
324;29;4;0;17;107;60;2224;6;7;0.0;0.0;1
325;44;0;0;35;1042;60;8580;9;9;0.0;0.0;1
326;7;0;0;5;82;64;492;3;3;0.0;0.0;1
327;22;0;0;18;100;60;1580;3;3;0.0;0.0;0
328;61;4;0;43;134;60;4810;8;8;0.0;0.0;1
329;24;0;0;19;150;60;1892;5;5;0.0;0.0;1
330;1;0;0;0;64;64;64;1;1;0.0;0.0;0
331;18;0;0;16;150;60;1420;5;5;0.0;0.0;1
332;14;0;0;8;100;60;1076;4;4;0.0;0.0;0
333;6;0;0;1;134;94;644;2;2;0.0;0.0;0
334;5;0;0;3;150;64;496;3;3;0.0;0.0;1
335;18;0;0;17;85;60;1130;4;4;0.0;0.0;1
336;13;0;0;9;134;64;1164;4;4;0.0;0.0;1
337;8;0;0;7;100;60;572;3;3;0.0;0.0;1
338;1;0;0;0;64;64;64;1;1;0.0;0.0;0
339;6;0;0;6;60;60;360;2;2;0.0;0.0;1
340;7;0;0;4;89;60;532;3;3;0.0;0.0;0
341;0;0;0;0;0;0;0;0;0;0.0;0.0;0
342;5;0;0;0;94;60;406;3;3;0.0;0.0;0
343;4;0;0;0;94;94;376;1;1;0.0;0.0;0
344;1;0;0;0;64;64;64;1;1;0.0;0.0;0
345;0;0;0;0;0;0;0;0;0;0.0;0.0;0
346;1;0;0;0;64;64;64;1;1;0.0;0.0;0
347;13;4;0;6;462;60;1542;5;5;0.0;0.0;1
348;3;0;0;0;90;64;240;2;3;0.0;0.0;0
349;8;0;0;0;223;62;1224;1;3;0.0;0.0;0
350;5;0;0;0;342;64;910;3;4;0.0;0.0;0
351;1;0;0;0;211;211;211;1;1;0.0;0.0;0
352;14;0;0;0;203;60;1581;6;5;0.0;0.0;0
353;1;0;0;0;211;211;211;1;1;0.0;0.0;0
354;5;4;0;0;72;64;352;3;3;0.0;0.0;1
355;6;0;0;6;60;60;360;2;2;0.0;0.0;1
356;2;0;0;0;203;64;267;2;2;0.0;0.0;0
357;9;8;0;0;342;72;918;3;3;0.0;0.0;1
358;1;0;0;0;64;64;64;1;1;0.0;0.0;0
359;0;0;0;0;0;0;0;0;0;0.0;0.0;0
360;1;0;0;0;64;64;64;1;1;0.0;0.0;0
361;11;4;0;0;94;72;946;4;3;0.0;0.0;1
362;3;0;0;2;66;64;196;2;2;0.0;0.0;0
363;0;0;0;0;0;0;0;0;0;0.0;0.0;0
364;2;0;0;0;203;64;267;2;2;0.0;0.0;0
365;14;4;0;2;190;66;1812;4;4;0.0;0.0;1
366;6;0;0;0;342;60;646;4;4;0.0;0.0;0
367;3;0;0;0;158;158;474;1;1;0.0;0.0;0
368;1;0;0;0;64;64;64;1;1;0.0;0.0;0
369;0;0;0;0;0;0;0;0;0;0.0;0.0;0
370;1;0;0;0;64;64;64;1;1;0.0;0.0;0
371;10;0;0;2;462;62;1244;4;3;0.0;0.0;0
372;2;0;0;0;64;60;124;2;2;0.0;0.0;0
373;0;0;0;0;0;0;0;0;0;0.0;0.0;0
374;1;0;0;0;64;64;64;1;1;0.0;0.0;0
375;0;0;0;0;0;0;0;0;0;0.0;0.0;0
376;1;0;0;0;64;64;64;1;1;0.0;0.0;0
377;1;0;0;0;342;342;342;1;1;0.0;0.0;0
378;1;0;0;0;64;64;64;1;1;0.0;0.0;0
379;12;0;0;10;100;60;850;2;2;0.0;0.0;0
380;2;0;0;0;203;64;267;2;2;0.0;0.0;0
381;7;0;0;0;94;94;658;2;1;0.0;0.0;0
382;2;0;0;0;64;60;124;2;2;0.0;0.0;0
383;10;0;0;6;60;60;600;4;4;0.0;0.0;1
384;15;4;0;6;100;60;1204;5;5;0.0;0.0;1
385;0;0;0;0;0;0;0;0;0;0.0;0.0;0
386;23;0;0;9;231;60;2590;4;4;0.0;0.0;0
387;0;0;0;0;0;0;0;0;0;0.0;0.0;0
388;5;0;0;0;64;60;304;3;3;0.0;0.0;0
389;0;0;0;0;0;0;0;0;0;0.0;0.0;0
390;5;4;0;0;72;64;352;3;3;0.0;0.0;1
391;7;0;0;0;94;94;658;2;1;0.0;0.0;0
392;3;0;0;0;342;64;516;3;3;0.0;0.0;0
393;30;0;0;22;1042;66;6252;3;4;0.0;0.0;1
394;33;8;0;11;914;62;5315;4;6;0.0;0.0;1
395;9;0;0;3;462;66;1897;5;5;0.0;0.0;1
396;10;0;0;5;211;60;1087;5;5;0.0;0.0;0
397;11;0;0;9;203;66;1055;3;3;0.0;0.0;1
398;32;4;0;9;230;60;3455;8;8;0.0;0.0;1
399;0;0;0;0;0;0;0;0;0;0.0;0.0;0
400;8;0;0;0;94;64;722;3;2;0.0;0.0;0
401;1;0;0;0;203;203;203;1;1;0.0;0.0;0
402;6;4;0;0;72;60;412;4;4;0.0;0.0;1
403;1;0;0;0;342;342;342;1;1;0.0;0.0;0
404;1;0;0;0;64;64;64;1;1;0.0;0.0;0
405;0;0;0;0;0;0;0;0;0;0.0;0.0;0
406;5;0;0;4;74;64;360;3;3;0.0;0.0;1
407;8;0;0;6;107;66;640;2;2;0.0;0.0;1
408;3;0;0;1;1042;64;2148;2;2;0.0;0.0;0
409;44;0;0;18;1484;66;9861;7;6;0.0;0.0;0
410;55;0;0;35;1083;64;10570;5;5;0.0;0.0;1
411;26;0;0;19;914;60;4570;4;4;0.0;0.0;1
412;13;0;0;6;342;60;1606;5;5;0.0;0.0;1
413;4;0;0;3;166;66;464;2;2;0.0;0.0;1
414;1;0;0;0;64;64;64;1;1;0.0;0.0;0
415;6;0;0;4;150;66;700;2;2;0.0;0.0;1
416;1;0;0;0;64;64;64;1;1;0.0;0.0;0
417;2;0;0;1;134;134;268;1;1;0.0;0.0;0
418;5;0;0;3;150;64;496;3;3;0.0;0.0;1
419;9;0;0;1;134;94;926;3;2;0.0;0.0;0
420;13;0;0;12;118;64;984;3;3;0.0;0.0;1
421;10;4;0;6;72;60;648;2;2;0.0;0.0;1
422;5;4;0;0;64;60;304;3;3;0.0;0.0;1
423;0;0;0;0;0;0;0;0;0;0.0;0.0;0
424;41;0;0;15;417;60;4290;5;5;0.0;0.0;0
425;413;0;0;210;2974;60;100565;7;7;0.0;0.0;0
426;351;0;0;235;2914;60;131770;7;6;0.0;0.0;0
427;544;0;0;267;2914;60;188018;9;9;0.0;0.0;0
428;32;4;0;20;94;64;2330;6;5;0.0;0.0;1
429;0;0;0;0;0;0;0;0;0;0.0;0.0;0
430;2;0;0;0;342;64;406;2;2;0.0;0.0;0
431;39;8;0;30;462;60;2838;6;6;0.0;0.0;1
432;20;0;0;18;66;60;1312;3;3;0.0;0.0;0
433;2;0;0;2;66;66;132;1;1;0.0;0.0;0
434;1;0;0;0;64;64;64;1;1;0.0;0.0;0
435;4;4;0;0;72;72;288;2;2;0.0;0.0;1
436;7;0;0;6;64;60;424;3;3;0.0;0.0;1
437;33;0;0;19;342;60;4230;5;5;0.0;0.0;0
438;7;0;0;0;110;64;636;3;4;0.0;0.0;0
439;8;0;0;0;223;62;1224;1;3;0.0;0.0;0
440;9;4;0;0;342;64;1198;5;6;0.0;0.0;1
441;1;0;0;0;211;211;211;1;1;0.0;0.0;0
442;3;0;0;0;203;60;327;3;3;0.0;0.0;0
443;1;0;0;0;211;211;211;1;1;0.0;0.0;0
444;3;0;0;2;74;64;212;2;2;0.0;0.0;0
445;20;0;0;10;100;60;1480;5;5;0.0;0.0;0
446;2;0;0;0;203;64;267;2;2;0.0;0.0;0
447;38;0;0;21;342;60;4388;6;5;0.0;0.0;0
448;1;0;0;0;64;64;64;1;1;0.0;0.0;0
449;4;0;0;0;60;60;240;2;2;0.0;0.0;0
450;1;0;0;0;64;64;64;1;1;0.0;0.0;0
451;2;0;0;2;74;74;148;1;1;0.0;0.0;0
452;2;0;0;0;462;64;526;2;2;0.0;0.0;0
453;0;0;0;0;0;0;0;0;0;0.0;0.0;0
454;2;0;0;0;203;64;267;2;2;0.0;0.0;0
455;6;0;0;4;89;60;468;2;2;0.0;0.0;0
456;8;0;0;0;94;64;722;3;2;0.0;0.0;0
457;0;0;0;0;0;0;0;0;0;0.0;0.0;0
458;5;4;0;0;72;64;352;3;3;0.0;0.0;1
459;0;0;0;0;0;0;0;0;0;0.0;0.0;0
460;4;0;0;2;342;64;554;3;3;0.0;0.0;0
461;0;0;0;0;0;0;0;0;0;0.0;0.0;0
462;2;0;0;0;64;60;124;2;2;0.0;0.0;0
463;0;0;0;0;0;0;0;0;0;0.0;0.0;0
464;5;4;0;0;72;64;352;3;3;0.0;0.0;1
465;0;0;0;0;0;0;0;0;0;0.0;0.0;0
466;8;0;0;0;94;64;722;3;2;0.0;0.0;0
467;4;4;0;0;72;72;288;2;2;0.0;0.0;1
468;47;4;0;23;1984;64;14464;6;6;0.0;0.0;1
469;0;0;0;0;0;0;0;0;0;0.0;0.0;0
470;2;0;0;0;203;64;267;2;2;0.0;0.0;0
471;4;4;0;0;72;72;288;2;2;0.0;0.0;1
472;2;0;0;0;64;60;124;2;2;0.0;0.0;0
473;1;0;0;0;342;342;342;1;1;0.0;0.0;0
474;7;0;0;6;64;60;424;3;3;0.0;0.0;1
475;7;0;0;0;94;94;658;2;1;0.0;0.0;0
476;3;0;0;2;74;64;212;2;2;0.0;0.0;0
477;38;4;0;24;229;60;3876;4;4;0.0;0.0;1
478;5;0;0;4;66;64;328;3;3;0.0;0.0;0
479;0;0;0;0;0;0;0;0;0;0.0;0.0;0
480;1;0;0;0;64;64;64;1;1;0.0;0.0;0
481;14;0;0;10;60;60;840;4;4;0.0;0.0;1
482;5;0;0;0;342;64;716;3;3;0.0;0.0;0
483;7;0;0;4;100;60;606;3;3;0.0;0.0;0
484;25;0;0;10;223;60;2595;5;8;0.0;0.0;0
485;27;0;0;11;342;60;2997;5;9;0.0;0.0;0
486;28;0;0;21;211;60;2235;8;8;0.0;0.0;0
487;2;0;0;0;462;203;665;2;2;0.0;0.0;0
488;4;0;0;2;211;64;407;3;3;0.0;0.0;0
489;21;0;0;16;1042;66;5054;4;3;0.0;0.0;1
490;17;0;0;13;914;64;3392;3;3;0.0;0.0;1
491;21;0;0;15;203;60;2135;3;3;0.0;0.0;1
492;8;0;0;6;64;60;484;4;4;0.0;0.0;1
493;3;0;0;1;342;134;610;2;2;0.0;0.0;0
494;16;4;0;3;150;64;1442;5;4;0.0;0.0;1
495;0;0;0;0;0;0;0;0;0;0.0;0.0;0
496;7;0;0;4;150;64;764;3;3;0.0;0.0;1
497;0;0;0;0;0;0;0;0;0;0.0;0.0;0
498;13;0;0;10;134;64;1096;3;3;0.0;0.0;1
499;5;0;0;4;203;66;467;3;3;0.0;0.0;0
500;2;0;0;0;342;64;406;2;2;0.0;0.0;0
501;5;4;0;0;462;72;750;3;3;0.0;0.0;1
502;2;0;0;0;64;60;124;2;2;0.0;0.0;0
503;4;0;0;0;94;94;376;1;1;0.0;0.0;0
504;14;0;0;6;100;60;1198;4;4;0.0;0.0;0
505;8;8;0;0;72;72;576;2;2;0.0;0.0;1
506;1;0;0;0;64;64;64;1;1;0.0;0.0;0
507;0;0;0;0;0;0;0;0;0;0.0;0.0;0
508;5;4;0;0;72;64;352;3;3;0.0;0.0;1
509;10;0;0;6;74;60;652;5;5;0.0;0.0;0
510;1;0;0;0;64;64;64;1;1;0.0;0.0;0
511;6;0;0;6;60;60;360;2;2;0.0;0.0;1
512;1;0;0;0;64;64;64;1;1;0.0;0.0;0
513;7;0;0;0;94;94;658;2;1;0.0;0.0;0
514;9;4;0;0;72;60;592;5;5;0.0;0.0;1
515;2;0;0;0;342;203;545;2;2;0.0;0.0;0
516;1;0;0;0;64;64;64;1;1;0.0;0.0;0
517;0;0;0;0;0;0;0;0;0;0.0;0.0;0
518;1;0;0;0;64;64;64;1;1;0.0;0.0;0
519;4;0;0;4;66;66;264;2;2;0.0;0.0;0
520;1;0;0;0;64;64;64;1;1;0.0;0.0;0
521;0;0;0;0;0;0;0;0;0;0.0;0.0;0
522;6;0;0;0;94;60;500;3;3;0.0;0.0;0
523;3;0;0;0;94;94;282;1;1;0.0;0.0;0
524;1;0;0;0;64;64;64;1;1;0.0;0.0;0
525;0;0;0;0;0;0;0;0;0;0.0;0.0;0
526;17;0;0;15;107;64;1266;3;3;0.0;0.0;1
527;17;0;0;13;1042;66;3242;3;3;0.0;0.0;1
528;6;0;0;3;110;64;500;4;4;0.0;0.0;0
529;4;0;0;4;66;66;264;2;2;0.0;0.0;0
530;5;0;0;4;64;60;304;3;3;0.0;0.0;1
531;4;4;0;0;72;72;288;2;2;0.0;0.0;1
532;6;0;0;0;94;60;500;3;3;0.0;0.0;0
533;3;0;0;0;94;94;282;1;1;0.0;0.0;0
534;7;0;0;6;64;60;424;3;3;0.0;0.0;1
535;8;0;0;1;100;60;560;3;3;0.0;0.0;0
536;7;0;0;5;100;60;504;3;3;0.0;0.0;0
537;1;0;0;0;462;462;462;1;1;0.0;0.0;0
538;1;0;0;0;64;64;64;1;1;0.0;0.0;0
539;4;4;0;0;72;72;288;2;2;0.0;0.0;1
540;7;0;0;2;144;64;632;3;4;0.0;0.0;0
541;70;0;0;43;1484;60;13716;4;4;0.0;0.0;0
542;46;8;0;26;139;60;3858;8;10;0.0;0.0;1
543;16;0;0;11;100;60;1360;3;4;0.0;0.0;0
544;27;0;0;18;100;60;2264;7;7;0.0;0.0;0
545;4;4;0;0;72;72;288;2;2;0.0;0.0;1
546;1;0;0;0;64;64;64;1;1;0.0;0.0;0
547;38;0;0;17;229;60;4304;4;4;0.0;0.0;0
548;1;0;0;0;64;64;64;1;1;0.0;0.0;0
549;64;0;0;19;379;60;6362;5;5;0.0;0.0;1
550;83;0;0;79;2974;60;26806;7;7;0.0;0.0;1
551;689;4;0;419;2914;60;302484;15;13;0.0;0.0;1
552;841;0;0;556;3265;60;469192;19;19;0.0;0.0;1
553;30;0;0;22;135;60;2728;5;2;0.0;0.0;0
554;52;0;0;34;2690;60;18440;6;6;0.0;0.0;1
555;34;0;0;20;1769;60;8078;3;3;0.0;0.0;0
556;19;0;0;18;64;60;1144;3;3;0.0;0.0;0
557;58;0;0;48;100;60;4046;6;4;0.0;0.0;0
558;3;0;0;2;66;64;196;2;2;0.0;0.0;0
559;0;0;0;0;0;0;0;0;0;0.0;0.0;0
560;17;0;0;0;92;64;1320;3;4;0.0;0.0;0
561;25;0;0;4;462;60;2346;6;7;0.0;0.0;0
562;82;0;0;47;2579;60;16440;11;11;0.0;0.0;0
563;0;0;0;0;0;0;0;0;0;0.0;0.0;0
564;1;0;0;0;64;64;64;1;1;0.0;0.0;0
565;6;0;0;6;66;66;396;2;1;0.0;0.0;0
566;1;0;0;0;64;64;64;1;1;0.0;0.0;0
567;0;0;0;0;0;0;0;0;0;0.0;0.0;0
568;5;4;0;0;72;64;352;3;3;0.0;0.0;1
569;4;0;0;4;60;60;240;2;2;0.0;0.0;1
570;5;0;0;0;94;64;440;2;2;0.0;0.0;0
571;31;0;0;20;1042;60;5826;6;6;0.0;0.0;1
572;51;0;0;37;914;60;6662;10;10;0.0;0.0;1
573;14;0;0;9;150;66;1572;2;2;0.0;0.0;1
574;5;0;0;0;145;64;644;2;2;0.0;0.0;0
575;10;4;0;4;150;66;988;2;2;0.0;0.0;1
576;1;0;0;0;64;64;64;1;1;0.0;0.0;0
577;2;0;0;1;134;134;268;1;1;0.0;0.0;0
578;13;4;0;3;150;64;1364;4;4;0.0;0.0;1
579;6;4;0;1;134;72;556;2;2;0.0;0.0;1
580;15;0;0;9;118;64;1204;4;4;0.0;0.0;1
581;11;4;0;4;94;60;822;5;5;0.0;0.0;1
582;18;0;0;16;66;60;1132;7;7;0.0;0.0;0
583;0;0;0;0;0;0;0;0;0;0.0;0.0;0
584;1;0;0;0;64;64;64;1;1;0.0;0.0;0
585;1;0;0;0;462;462;462;1;1;0.0;0.0;0
586;5;0;0;0;145;64;644;2;2;0.0;0.0;0
587;0;0;0;0;0;0;0;0;0;0.0;0.0;0
588;9;8;0;0;72;60;592;3;3;0.0;0.0;1
589;4;0;0;0;94;94;376;1;1;0.0;0.0;0
590;4;0;0;0;94;64;346;2;2;0.0;0.0;0
591;4;0;0;4;66;60;252;2;2;0.0;0.0;0
592;18;0;0;16;66;60;1132;7;7;0.0;0.0;0
593;0;0;0;0;0;0;0;0;0;0.0;0.0;0
594;1;0;0;0;64;64;64;1;1;0.0;0.0;0
595;16;0;0;10;100;60;1090;4;4;0.0;0.0;0
596;31;0;0;24;100;60;2254;4;4;0.0;0.0;0
597;30;0;0;24;100;60;2190;4;4;0.0;0.0;0
598;25;0;0;16;100;60;1900;5;5;0.0;0.0;0
599;4;0;0;0;60;60;240;2;2;0.0;0.0;0
600;4;0;0;0;94;64;346;2;2;0.0;0.0;0
601;4;0;0;4;66;60;252;2;2;0.0;0.0;0
602;47;0;0;36;229;60;4066;10;10;0.0;0.0;1
603;0;0;0;0;0;0;0;0;0;0.0;0.0;0
604;1;0;0;0;64;64;64;1;1;0.0;0.0;0
605;4;4;0;0;72;72;288;2;2;0.0;0.0;1
606;9;0;0;6;100;60;704;3;3;0.0;0.0;0
607;0;0;0;0;0;0;0;0;0;0.0;0.0;0
608;5;0;0;0;94;64;440;2;2;0.0;0.0;0
609;37;0;0;24;100;60;2986;7;7;0.0;0.0;1
610;67;0;0;46;100;60;5402;8;8;0.0;0.0;0
611;28;0;0;20;100;60;2196;3;3;0.0;0.0;0
612;22;4;0;16;72;60;1420;9;9;0.0;0.0;1
613;0;0;0;0;0;0;0;0;0;0.0;0.0;0
614;1;0;0;0;64;64;64;1;1;0.0;0.0;0
615;4;4;0;0;72;72;288;2;2;0.0;0.0;1
616;11;4;0;6;72;60;712;3;3;0.0;0.0;1
617;5;0;0;0;462;94;838;2;2;0.0;0.0;0
618;8;4;0;0;94;64;634;4;4;0.0;0.0;1
619;0;0;0;0;0;0;0;0;0;0.0;0.0;0
620;1;0;0;0;64;64;64;1;1;0.0;0.0;0
621;4;0;0;4;66;60;252;2;2;0.0;0.0;0
622;18;0;0;16;66;60;1132;7;7;0.0;0.0;0
623;0;0;0;0;0;0;0;0;0;0.0;0.0;0
624;3;0;0;2;66;64;196;2;2;0.0;0.0;0
625;4;4;0;0;72;72;288;2;2;0.0;0.0;1
626;1;0;0;0;64;64;64;1;1;0.0;0.0;0
627;6;0;0;2;94;66;508;2;2;0.0;0.0;0
628;4;0;0;0;94;64;346;2;2;0.0;0.0;0
629;0;0;0;0;0;0;0;0;0;0.0;0.0;0
630;5;0;0;0;64;60;304;3;3;0.0;0.0;0
631;4;0;0;4;66;60;252;2;2;0.0;0.0;0
632;17;0;0;16;66;60;1072;6;6;0.0;0.0;0
633;2;0;0;2;62;62;124;1;1;0.0;0.0;0
634;5;0;0;0;145;64;644;2;2;0.0;0.0;0
635;5;0;0;0;462;60;702;3;3;0.0;0.0;0
636;5;0;0;0;94;64;440;2;2;0.0;0.0;0
637;4;0;0;0;60;60;240;2;2;0.0;0.0;0
638;4;0;0;0;94;64;346;2;2;0.0;0.0;0
639;0;0;0;0;0;0;0;0;0;0.0;0.0;0
640;7;0;0;4;89;60;532;3;3;0.0;0.0;0
641;4;0;0;4;66;60;252;2;2;0.0;0.0;0
642;22;4;0;16;72;60;1420;9;9;0.0;0.0;1
643;0;0;0;0;0;0;0;0;0;0.0;0.0;0
644;1;0;0;0;64;64;64;1;1;0.0;0.0;0
645;186;0;0;120;2902;66;150166;5;5;0.0;0.0;0
646;1;0;0;0;64;64;64;1;1;0.0;0.0;0
647;0;0;0;0;0;0;0;0;0;0.0;0.0;0
648;46;0;0;20;450;60;5664;7;7;0.0;0.0;0
649;76;4;0;42;1632;60;17686;7;7;0.0;0.0;1
650;1;0;0;0;64;64;64;1;1;0.0;0.0;0
651;12;0;0;4;215;60;1330;4;4;0.0;0.0;0
652;22;4;0;16;72;60;1420;9;9;0.0;0.0;1
653;32;4;0;22;1042;66;7768;2;2;0.0;0.0;1
654;17;0;0;11;134;64;1632;3;3;0.0;0.0;1
655;12;4;0;3;150;66;1096;3;3;0.0;0.0;1
656;1;0;0;0;64;64;64;1;1;0.0;0.0;0
657;9;0;0;4;150;66;982;3;3;0.0;0.0;1
658;5;0;0;4;66;64;328;3;3;0.0;0.0;0
659;14;0;0;12;150;66;1228;5;5;0.0;0.0;1
660;13;0;0;8;100;60;1036;3;3;0.0;0.0;0
661;26;0;0;24;134;60;1956;4;4;0.0;0.0;1
662;27;4;0;18;92;60;1828;10;10;0.0;0.0;1
663;0;0;0;0;0;0;0;0;0;0.0;0.0;0
664;1;0;0;0;64;64;64;1;1;0.0;0.0;0
665;10;0;0;4;100;60;896;3;3;0.0;0.0;0
666;10;0;0;6;94;60;706;4;4;0.0;0.0;0
667;82;0;0;61;230;60;7246;10;10;0.0;0.0;0
668;49;0;0;32;100;60;4150;9;9;0.0;0.0;0
669;30;0;0;22;100;60;2364;7;6;0.0;0.0;0
670;1;0;0;0;64;64;64;1;1;0.0;0.0;0
671;4;0;0;0;60;60;240;2;2;0.0;0.0;0
672;18;0;0;10;229;60;1938;4;4;0.0;0.0;0
673;0;0;0;0;0;0;0;0;0;0.0;0.0;0
674;1;0;0;0;64;64;64;1;1;0.0;0.0;0
675;8;0;0;0;462;94;1120;3;2;0.0;0.0;0
676;1;0;0;0;64;64;64;1;1;0.0;0.0;0
677;0;0;0;0;0;0;0;0;0;0.0;0.0;0
678;1;0;0;0;64;64;64;1;1;0.0;0.0;0
679;12;4;0;8;72;66;816;4;6;0.0;0.0;1
680;5;0;0;4;66;64;328;3;2;0.0;0.0;0
681;6;0;0;6;60;60;360;2;2;0.0;0.0;1
682;2;0;0;0;64;60;124;2;2;0.0;0.0;0
683;0;0;0;0;0;0;0;0;0;0.0;0.0;0
684;6;0;0;0;462;64;902;3;3;0.0;0.0;0
685;3;0;0;0;94;94;282;1;1;0.0;0.0;0
686;5;4;0;0;72;64;352;3;3;0.0;0.0;1
687;0;0;0;0;0;0;0;0;0;0.0;0.0;0
688;5;4;0;0;72;64;352;3;3;0.0;0.0;1
689;8;4;0;4;72;66;552;4;4;0.0;0.0;1
690;9;0;0;8;66;64;592;4;4;0.0;0.0;0
691;0;0;0;0;0;0;0;0;0;0.0;0.0;0
692;11;4;0;6;72;60;712;3;3;0.0;0.0;1
693;0;0;0;0;0;0;0;0;0;0.0;0.0;0
694;182;0;0;110;1484;60;39798;13;12;0.0;0.0;0
695;151;0;0;94;2974;60;73354;8;9;0.0;0.0;0
696;511;0;0;298;2974;60;288052;13;12;0.0;0.0;0
697;612;0;0;384;3480;60;430924;11;11;0.0;0.0;0
698;1;0;0;0;64;64;64;1;1;0.0;0.0;0
699;8;4;0;4;72;66;552;4;4;0.0;0.0;1
700;15;0;0;14;66;60;952;6;6;0.0;0.0;0
701;0;0;0;0;0;0;0;0;0;0.0;0.0;0
702;10;0;0;7;85;60;654;4;4;0.0;0.0;0
703;4;0;0;0;94;94;376;1;1;0.0;0.0;0
704;12;0;0;6;112;64;1058;4;4;0.0;0.0;0
705;0;0;0;0;0;0;0;0;0;0.0;0.0;0
706;5;0;0;4;66;60;316;3;3;0.0;0.0;0
707;46;0;0;39;247;60;3786;8;8;0.0;0.0;1
708;69;0;0;38;3467;64;28548;7;7;0.0;0.0;0
709;14;0;0;9;97;60;962;4;4;0.0;0.0;0
710;3;0;0;2;66;64;196;2;2;0.0;0.0;0
711;4;0;0;0;60;60;240;2;2;0.0;0.0;0
712;6;0;0;0;94;60;500;3;3;0.0;0.0;0
713;3;0;0;0;94;94;282;1;1;0.0;0.0;0
714;1;0;0;0;64;64;64;1;1;0.0;0.0;0
715;0;0;0;0;0;0;0;0;0;0.0;0.0;0
716;11;0;0;6;149;60;1036;5;5;0.0;0.0;0
717;28;4;0;15;229;60;2962;6;6;0.0;0.0;1
718;13;0;0;12;66;64;856;5;5;0.0;0.0;0
719;4;0;0;0;149;149;596;1;1;0.0;0.0;0
720;1;0;0;0;64;64;64;1;1;0.0;0.0;0
721;38;0;0;28;100;60;2806;5;5;0.0;0.0;0
722;83;4;0;63;100;60;5932;10;10;0.0;0.0;1
723;21;4;0;8;149;60;1896;6;6;0.0;0.0;1
724;1;0;0;0;64;64;64;1;1;0.0;0.0;0
725;4;4;0;0;72;72;288;2;2;0.0;0.0;1
726;9;4;0;4;72;60;604;5;5;0.0;0.0;1
727;4;0;0;4;66;60;252;2;2;0.0;0.0;0
728;13;0;0;12;66;64;856;5;5;0.0;0.0;0
729;4;4;0;0;72;72;288;2;2;0.0;0.0;1
730;35;0;0;22;1484;60;8478;6;6;0.0;0.0;0
731;58;0;0;32;416;60;7326;4;4;0.0;0.0;0
732;26;0;0;20;139;60;2078;6;6;0.0;0.0;1
733;3;0;0;0;94;94;282;1;1;0.0;0.0;0
734;2;0;0;0;462;64;526;2;2;0.0;0.0;0
735;0;0;0;0;0;0;0;0;0;0.0;0.0;0
736;7;4;0;2;72;60;472;4;4;0.0;0.0;1
737;6;0;0;6;66;60;384;3;2;0.0;0.0;0
738;9;0;0;8;66;64;592;4;4;0.0;0.0;0
739;4;0;0;4;66;66;264;2;2;0.0;0.0;0
740;1;0;0;0;64;64;64;1;1;0.0;0.0;0
741;5;0;0;0;462;94;838;2;2;0.0;0.0;0
742;5;0;0;0;94;60;406;3;3;0.0;0.0;0
743;0;0;0;0;0;0;0;0;0;0.0;0.0;0
744;1;0;0;0;64;64;64;1;1;0.0;0.0;0
745;0;0;0;0;0;0;0;0;0;0.0;0.0;0
746;1;0;0;0;64;64;64;1;1;0.0;0.0;0
747;32;0;0;23;229;60;3166;7;7;0.0;0.0;1
748;1;0;0;0;64;64;64;1;1;0.0;0.0;0
749;12;0;0;12;66;66;792;4;4;0.0;0.0;0
750;5;0;0;0;94;64;440;2;2;0.0;0.0;0
751;0;0;0;0;0;0;0;0;0;0.0;0.0;0
752;4;0;0;0;94;64;346;2;2;0.0;0.0;0
753;14;4;0;8;100;60;1048;4;4;0.0;0.0;1
754;21;0;0;12;100;60;1584;6;6;0.0;0.0;0
755;28;0;0;20;1042;60;5436;5;5;0.0;0.0;1
756;41;0;0;29;914;60;5508;8;7;0.0;0.0;1
757;16;0;0;13;150;60;1472;5;5;0.0;0.0;1
758;1;0;0;0;64;64;64;1;1;0.0;0.0;0
759;14;0;0;13;134;66;1060;5;5;0.0;0.0;0
760;15;4;0;4;150;64;1428;4;4;0.0;0.0;1
761;3;0;0;0;94;94;282;1;1;0.0;0.0;0
762;8;4;0;1;134;60;680;4;4;0.0;0.0;1
763;16;4;0;9;150;66;1432;3;3;0.0;0.0;1
764;1;0;0;0;64;64;64;1;1;0.0;0.0;0
765;10;0;0;8;134;66;900;2;2;0.0;0.0;1
766;7;4;0;2;72;64;484;3;3;0.0;0.0;1
767;10;0;0;10;66;60;636;4;4;0.0;0.0;1
768;17;0;0;15;3238;60;10648;5;5;0.0;0.0;1
769;12;0;0;8;94;66;904;4;4;0.0;0.0;0
770;1;0;0;0;64;64;64;1;1;0.0;0.0;0
771;3;0;0;0;94;94;282;1;1;0.0;0.0;0
772;6;4;0;0;72;60;412;4;4;0.0;0.0;1
773;0;0;0;0;0;0;0;0;0;0.0;0.0;0
774;1;0;0;0;64;64;64;1;1;0.0;0.0;0
775;0;0;0;0;0;0;0;0;0;0.0;0.0;0
776;7;0;0;6;64;60;424;3;3;0.0;0.0;1
777;8;0;0;8;66;60;504;3;3;0.0;0.0;0
778;11;0;0;6;94;64;852;4;5;0.0;0.0;0
779;10;0;0;6;149;66;1008;3;4;0.0;0.0;0
780;5;0;0;4;66;64;328;3;3;0.0;0.0;0
781;5;0;0;2;94;74;430;2;2;0.0;0.0;0
782;2;0;0;0;462;64;526;2;2;0.0;0.0;0
783;6;0;0;6;60;60;360;2;2;0.0;0.0;1
784;1;0;0;0;64;64;64;1;1;0.0;0.0;0
785;2;0;0;2;74;74;148;1;1;0.0;0.0;0
786;1;0;0;0;64;64;64;1;1;0.0;0.0;0
787;8;0;0;8;66;60;504;3;3;0.0;0.0;0
788;9;0;0;4;94;64;704;4;4;0.0;0.0;0
789;16;0;0;6;100;60;1212;4;4;0.0;0.0;0
790;16;4;0;8;94;64;1162;7;7;0.0;0.0;1
791;0;0;0;0;0;0;0;0;0;0.0;0.0;0
792;21;0;0;12;462;60;2522;4;4;0.0;0.0;0
793;2;0;0;2;74;74;148;1;1;0.0;0.0;0
794;1;0;0;0;64;64;64;1;1;0.0;0.0;0
795;0;0;0;0;0;0;0;0;0;0.0;0.0;0
796;1;0;0;0;64;64;64;1;1;0.0;0.0;0
797;12;4;0;8;72;60;792;5;5;0.0;0.0;1
798;11;0;0;6;94;64;836;5;5;0.0;0.0;0
799;7;4;0;0;94;72;570;3;3;0.0;0.0;1
800;13;4;0;8;72;64;880;6;6;0.0;0.0;1
801;2;0;0;2;66;66;132;1;1;0.0;0.0;0
802;2;0;0;0;64;60;124;2;2;0.0;0.0;0
803;8;6;0;0;488;72;2184;2;2;0.0;0.0;1
804;1;0;0;0;64;64;64;1;1;0.0;0.0;0
805;0;0;0;0;0;0;0;0;0;0.0;0.0;0
806;9;0;0;6;100;60;704;3;3;0.0;0.0;0
807;10;0;0;10;66;60;628;3;4;0.0;0.0;0
808;11;0;0;6;94;60;800;4;4;0.0;0.0;1
809;11;4;0;4;94;66;834;5;5;0.0;0.0;1
810;11;0;0;10;74;64;740;4;5;0.0;0.0;0
811;12;0;0;10;100;60;880;3;3;0.0;0.0;0
812;19;0;0;14;100;60;1464;5;5;0.0;0.0;0
813;10;0;0;4;100;60;760;4;4;0.0;0.0;0
814;23;0;0;12;100;60;1864;7;7;0.0;0.0;0
815;0;0;0;0;0;0;0;0;0;0.0;0.0;0
816;11;0;0;8;112;64;878;3;3;0.0;0.0;0
817;26;0;0;9;229;60;2890;4;4;0.0;0.0;0
818;9;0;0;4;94;60;680;4;4;0.0;0.0;1
819;9;0;0;6;94;60;666;4;4;0.0;0.0;1
820;5;0;0;4;66;64;328;3;3;0.0;0.0;0
821;4;0;0;4;66;66;264;2;2;0.0;0.0;0
822;2;0;0;0;64;60;124;2;2;0.0;0.0;0
823;4;0;0;4;74;74;296;2;2;0.0;0.0;1
824;23;0;0;22;74;60;1512;6;6;0.0;0.0;1
825;12;0;0;6;140;66;1090;4;4;0.0;0.0;1
826;3;0;0;1;1042;64;2148;2;2;0.0;0.0;0
827;16;4;0;5;1083;60;3502;5;5;0.0;0.0;1
828;16;0;0;9;97;64;1244;5;6;0.0;0.0;0
829;7;0;0;0;223;62;981;1;3;0.0;0.0;0
830;19;0;0;7;462;60;2419;8;9;0.0;0.0;1
831;1;0;0;0;211;211;211;1;1;0.0;0.0;0
832;3;0;0;0;203;60;327;3;3;0.0;0.0;0
833;1;0;0;0;211;211;211;1;1;0.0;0.0;0
834;6;4;0;0;342;64;694;4;4;0.0;0.0;1
835;0;0;0;0;0;0;0;0;0;0.0;0.0;0
836;6;4;0;0;203;64;555;4;4;0.0;0.0;1
837;17;4;0;6;94;60;1306;4;3;0.0;0.0;1
838;1;0;0;0;64;64;64;1;1;0.0;0.0;0
839;0;0;0;0;0;0;0;0;0;0.0;0.0;0
840;5;4;0;0;72;64;352;3;3;0.0;0.0;1
841;0;0;0;0;0;0;0;0;0;0.0;0.0;0
842;2;0;0;0;342;64;406;2;2;0.0;0.0;0
843;2;0;0;2;74;74;148;1;1;0.0;0.0;0
844;2;0;0;0;203;64;267;2;2;0.0;0.0;0
845;0;0;0;0;0;0;0;0;0;0.0;0.0;0
846;9;4;0;0;94;64;728;4;4;0.0;0.0;1
847;3;0;0;0;94;94;282;1;1;0.0;0.0;0
848;1;0;0;0;64;64;64;1;1;0.0;0.0;0
849;0;0;0;0;0;0;0;0;0;0.0;0.0;0
850;13;0;0;8;100;60;1036;3;3;0.0;0.0;0
851;0;0;0;0;0;0;0;0;0;0.0;0.0;0
852;3;0;0;0;462;60;586;2;2;0.0;0.0;0
853;1;0;0;0;342;342;342;1;1;0.0;0.0;0
854;5;0;0;4;64;60;304;3;3;0.0;0.0;1
855;4;0;0;0;94;94;376;1;1;0.0;0.0;0
856;1;0;0;0;64;64;64;1;1;0.0;0.0;0
857;3;0;0;0;94;94;282;1;1;0.0;0.0;0
858;1;0;0;0;64;64;64;1;1;0.0;0.0;0
859;0;0;0;0;0;0;0;0;0;0.0;0.0;0
860;2;0;0;0;203;64;267;2;2;0.0;0.0;0
861;0;0;0;0;0;0;0;0;0;0.0;0.0;0
862;2;0;0;0;64;60;124;2;2;0.0;0.0;0
863;0;0;0;0;0;0;0;0;0;0.0;0.0;0
864;1;0;0;0;64;64;64;1;1;0.0;0.0;0
865;40;4;0;26;100;60;2974;7;7;0.0;0.0;1
866;13;0;0;10;100;60;914;4;4;0.0;0.0;1
867;25;0;0;16;100;60;1992;3;6;0.0;0.0;0
868;17;0;0;16;64;60;1024;5;5;0.0;0.0;0
869;0;0;0;0;0;0;0;0;0;0.0;0.0;0
870;15;0;0;6;64;60;904;6;6;0.0;0.0;1
871;5;4;0;0;342;72;630;3;3;0.0;0.0;1
872;3;0;0;0;342;64;516;3;3;0.0;0.0;0
873;6;4;0;0;110;72;484;3;4;0.0;0.0;1
874;12;4;0;0;223;62;1220;4;6;0.0;0.0;1
875;9;0;0;0;342;94;1578;3;3;0.0;0.0;0
876;10;0;0;6;211;60;915;4;4;0.0;0.0;0
877;8;4;0;0;203;72;773;4;4;0.0;0.0;1
878;1;0;0;0;64;64;64;1;1;0.0;0.0;0
879;1;0;0;0;211;211;211;1;1;0.0;0.0;0
880;1;0;0;0;64;64;64;1;1;0.0;0.0;0
881;1;0;0;0;203;203;203;1;1;0.0;0.0;0
882;3;0;0;0;342;60;466;3;3;0.0;0.0;0
883;4;4;0;0;72;72;288;2;2;0.0;0.0;1
884;5;0;0;0;94;64;440;2;2;0.0;0.0;0
885;1;0;0;0;462;462;462;1;1;0.0;0.0;0
886;4;0;0;0;94;64;346;2;2;0.0;0.0;0
887;0;0;0;0;0;0;0;0;0;0.0;0.0;0
888;1;0;0;0;64;64;64;1;1;0.0;0.0;0
889;1;0;0;0;203;203;203;1;1;0.0;0.0;0
890;1;0;0;0;64;64;64;1;1;0.0;0.0;0
891;0;0;0;0;0;0;0;0;0;0.0;0.0;0
892;2;0;0;0;64;60;124;2;2;0.0;0.0;0
893;1;0;0;0;342;342;342;1;1;0.0;0.0;0
894;5;0;0;0;94;64;440;2;2;0.0;0.0;0
895;0;0;0;0;0;0;0;0;0;0.0;0.0;0
896;4;0;0;0;94;64;346;2;2;0.0;0.0;0
897;0;0;0;0;0;0;0;0;0;0.0;0.0;0
898;1;0;0;0;64;64;64;1;1;0.0;0.0;0
899;0;0;0;0;0;0;0;0;0;0.0;0.0;0
900;1;0;0;0;64;64;64;1;1;0.0;0.0;0
901;1;0;0;0;342;342;342;1;1;0.0;0.0;0
902;5;4;0;0;72;64;352;3;3;0.0;0.0;1
903;5;0;0;0;462;94;838;2;2;0.0;0.0;0
904;5;0;0;0;243;64;1036;2;2;0.0;0.0;0
905;4;0;0;0;203;94;485;2;2;0.0;0.0;0
906;1;0;0;0;64;64;64;1;1;0.0;0.0;0
907;0;0;0;0;0;0;0;0;0;0.0;0.0;0
908;1;0;0;0;64;64;64;1;1;0.0;0.0;0
909;20;4;0;6;100;60;1500;6;6;0.0;0.0;1
910;6;4;0;0;342;64;694;4;4;0.0;0.0;1
911;4;4;0;0;72;72;288;2;2;0.0;0.0;1
912;2;0;0;0;64;60;124;2;2;0.0;0.0;0
913;4;0;0;0;94;94;376;1;1;0.0;0.0;0
914;5;0;0;0;64;60;304;3;3;0.0;0.0;0
915;11;4;0;4;94;72;866;3;3;0.0;0.0;1
916;25;0;0;19;1042;64;3872;3;3;0.0;0.0;1
917;20;0;0;12;1042;66;8538;4;5;0.0;0.0;1
918;28;0;0;16;914;64;6374;5;4;0.0;0.0;1
919;12;0;0;3;223;62;1801;3;5;0.0;0.0;1
920;7;0;0;2;1042;64;2985;4;4;0.0;0.0;0
921;19;4;0;13;211;66;1615;3;3;0.0;0.0;1
922;13;4;0;1;1042;60;3027;6;6;0.0;0.0;1
923;1;0;0;0;211;211;211;1;1;0.0;0.0;0
924;1;0;0;0;64;64;64;1;1;0.0;0.0;0
925;3;0;0;0;94;94;282;1;1;0.0;0.0;0
926;2;0;0;0;203;64;267;2;2;0.0;0.0;0
927;0;0;0;0;0;0;0;0;0;0.0;0.0;0
928;4;0;0;1;1042;64;2490;3;3;0.0;0.0;0
929;0;0;0;0;0;0;0;0;0;0.0;0.0;0
930;1;0;0;0;64;64;64;1;1;0.0;0.0;0
931;0;0;0;0;0;0;0;0;0;0.0;0.0;0
932;5;0;0;0;94;64;440;2;2;0.0;0.0;0
933;0;0;0;0;0;0;0;0;0;0.0;0.0;0
934;6;0;0;0;203;60;609;4;4;0.0;0.0;0
935;13;0;0;4;462;60;1342;5;5;0.0;0.0;0
936;1;0;0;0;64;64;64;1;1;0.0;0.0;0
937;15;0;0;9;342;60;2048;3;3;0.0;0.0;0
938;3;0;0;1;1042;64;2148;2;2;0.0;0.0;0
939;79;4;0;53;2974;60;50824;5;5;0.0;0.0;1
940;398;0;0;366;3301;60;416524;5;5;0.0;0.0;0
941;4;0;0;0;94;94;376;1;1;0.0;0.0;0
942;30;0;0;0;132;60;2694;4;4;0.0;0.0;0
943;3;0;0;0;94;94;282;1;1;0.0;0.0;0
944;1;0;0;0;64;64;64;1;1;0.0;0.0;0
945;4;4;0;0;72;72;288;2;2;0.0;0.0;1
946;5;4;0;0;72;64;352;3;3;0.0;0.0;1
947;56;4;0;34;1484;60;11196;5;5;0.0;0.0;1
948;25;0;0;16;432;60;3352;3;3;0.0;0.0;0
949;18;0;0;14;155;60;1626;2;2;0.0;0.0;0
950;3;0;0;0;342;64;609;3;3;0.0;0.0;0
951;8;4;0;0;94;72;664;3;3;0.0;0.0;1
952;3;0;0;0;462;60;586;3;2;0.0;0.0;0
953;3;0;0;0;94;94;282;1;1;0.0;0.0;0
954;228;0;0;161;2974;60;83510;6;6;0.0;0.0;0
955;906;0;0;562;3040;60;395010;12;13;0.0;0.0;0
956;87;0;0;49;573;60;10560;7;7;0.0;0.0;0
957;10;0;0;2;163;66;1000;3;2;0.0;0.0;0
958;39;4;0;25;2690;60;17494;6;6;0.0;0.0;1
959;0;0;0;0;0;0;0;0;0;0.0;0.0;0
960;35;0;0;30;94;60;2240;5;5;0.0;0.0;0
961;2;0;0;2;66;66;132;1;1;0.0;0.0;0
962;19;0;0;9;1042;60;3722;7;7;0.0;0.0;0
963;7;0;0;6;86;60;446;3;3;0.0;0.0;1
964;76;0;0;19;494;60;7814;7;9;0.0;0.0;0
965;261;0;0;216;3268;60;112798;11;12;0.0;0.0;0
966;328;0;0;204;2914;60;88853;11;11;0.0;0.0;0
967;188;0;0;70;2461;60;38629;9;9;0.0;0.0;0
968;18;0;0;16;211;64;1331;3;3;0.0;0.0;0
969;10;0;0;10;66;60;612;3;2;0.0;0.0;0
970;47;0;0;42;94;60;2960;6;6;0.0;0.0;0
971;1;0;0;0;203;203;203;1;1;0.0;0.0;0
972;21;0;0;16;94;60;1462;4;4;0.0;0.0;0
973;1;0;0;0;342;342;342;1;1;0.0;0.0;0
974;1;0;0;0;64;64;64;1;1;0.0;0.0;0
975;28;4;0;19;228;60;2616;6;7;0.0;0.0;1
976;5;0;0;4;66;60;316;3;3;0.0;0.0;0
977;0;0;0;0;0;0;0;0;0;0.0;0.0;0
978;1;0;0;0;64;64;64;1;1;0.0;0.0;0
979;5;0;0;0;203;94;579;2;2;0.0;0.0;0
980;7;0;0;6;64;60;424;3;3;0.0;0.0;0
981;5;0;0;2;94;60;402;2;2;0.0;0.0;0
982;2;0;0;0;64;60;124;2;2;0.0;0.0;0
983;4;4;0;0;72;72;288;2;2;0.0;0.0;1
984;5;4;0;0;72;64;352;3;3;0.0;0.0;1
985;12;4;0;8;72;60;792;4;4;0.0;0.0;1
986;2;0;0;0;342;64;406;2;2;0.0;0.0;0
987;0;0;0;0;0;0;0;0;0;0.0;0.0;0
988;21;4;0;16;72;60;1312;5;5;0.0;0.0;1
989;4;0;0;0;94;94;376;1;1;0.0;0.0;0
990;2;0;0;0;462;64;526;2;2;0.0;0.0;0
991;3;0;0;0;94;94;282;1;1;0.0;0.0;0
992;1;0;0;0;64;64;64;1;1;0.0;0.0;0
993;0;0;0;0;0;0;0;0;0;0.0;0.0;0
994;1;0;0;0;64;64;64;1;1;0.0;0.0;0
995;11;4;0;4;203;60;1011;5;5;0.0;0.0;1
996;3;0;0;2;64;60;184;2;2;0.0;0.0;0
997;0;0;0;0;0;0;0;0;0;0.0;0.0;0
998;9;0;0;2;145;64;1044;4;4;0.0;0.0;0
999;10;0;0;2;145;60;1076;3;3;0.0;0.0;0
1000;15;0;0;2;342;64;1784;6;7;0.0;0.0;0
1001;4;0;0;0;145;145;580;1;1;0.0;0.0;0
1002;2;0;0;0;64;60;124;2;2;0.0;0.0;0
1003;7;0;0;2;462;60;834;4;4;0.0;0.0;0
1004;1;0;0;0;64;64;64;1;1;0.0;0.0;0
1005;20;0;0;10;1042;60;4368;4;4;0.0;0.0;0
1006;3;0;0;2;64;60;184;2;2;0.0;0.0;0
1007;1;0;0;0;130;130;130;1;1;0.0;0.0;0
1008;2;0;0;0;130;64;194;2;2;0.0;0.0;0
1009;24;0;0;16;1042;62;5080;4;4;0.0;0.0;1
1010;10;0;0;4;714;64;2062;4;4;0.0;0.0;1
1011;2;0;0;1;1042;1042;2084;1;1;0.0;0.0;0
1012;14;4;0;5;1042;60;5132;4;4;0.0;0.0;1
1013;68;0;0;41;914;60;7888;11;11;0.0;0.0;0
1014;75;0;0;51;338;60;6116;14;16;0.0;0.0;1
1015;38;0;0;28;1042;60;6796;5;5;0.0;0.0;1
1016;19;0;0;12;914;64;5428;3;3;0.0;0.0;1
1017;14;0;0;10;130;66;1316;2;2;0.0;0.0;1
1018;13;0;0;5;162;64;1432;4;4;0.0;0.0;1
1019;22;4;0;13;162;66;2124;2;2;0.0;0.0;1
1020;12;4;0;3;134;64;1034;4;4;0.0;0.0;1
1021;14;4;0;5;154;66;1326;4;5;0.0;0.0;1
1022;1;0;0;0;64;64;64;1;1;0.0;0.0;0
1023;6;0;0;5;118;60;488;2;2;0.0;0.0;1
1024;15;4;0;6;100;64;1284;4;7;0.0;0.0;1
1025;26;0;0;19;100;60;2120;4;6;0.0;0.0;0
1026;15;0;0;11;100;60;1144;5;5;0.0;0.0;0
1027;4;0;0;0;94;94;376;1;1;0.0;0.0;0
1028;5;4;0;0;64;60;304;3;3;0.0;0.0;1
1029;17;0;0;6;145;60;1462;6;6;0.0;0.0;1
1030;3;0;0;2;64;62;188;2;2;0.0;0.0;0
1031;4;4;0;0;72;72;288;2;2;0.0;0.0;1
1032;2;0;0;0;64;60;124;2;2;0.0;0.0;0
1033;0;0;0;0;0;0;0;0;0;0.0;0.0;0
1034;1;0;0;0;64;64;64;1;1;0.0;0.0;0
1035;0;0;0;0;0;0;0;0;0;0.0;0.0;0
1036;5;0;0;0;94;64;440;2;2;0.0;0.0;0
1037;6;0;0;6;60;60;360;2;2;0.0;0.0;1
1038;1;0;0;0;64;64;64;1;1;0.0;0.0;0
1039;3;0;0;0;94;94;282;1;1;0.0;0.0;0
1040;1;0;0;0;64;64;64;1;1;0.0;0.0;0
1041;0;0;0;0;0;0;0;0;0;0.0;0.0;0
1042;9;0;0;6;462;60;946;4;4;0.0;0.0;1
1043;0;0;0;0;0;0;0;0;0;0.0;0.0;0
1044;1;0;0;0;64;64;64;1;1;0.0;0.0;0
1045;0;0;0;0;0;0;0;0;0;0.0;0.0;0
1046;9;0;0;4;94;60;680;4;4;0.0;0.0;1
1047;0;0;0;0;0;0;0;0;0;0.0;0.0;0
1048;1;0;0;0;64;64;64;1;1;0.0;0.0;0
1049;7;4;0;0;94;72;570;3;3;0.0;0.0;1
1050;1;0;0;0;64;64;64;1;1;0.0;0.0;0
1051;0;0;0;0;0;0;0;0;0;0.0;0.0;0
1052;5;0;0;0;64;60;304;3;3;0.0;0.0;0
1053;2;0;0;1;100;100;200;1;1;0.0;0.0;0
1054;5;0;0;3;100;60;384;3;3;0.0;0.0;0
1055;4;0;0;0;94;94;376;1;1;0.0;0.0;0
1056;13;4;0;5;100;60;1020;6;6;0.0;0.0;1
1057;8;4;0;3;100;60;608;4;4;0.0;0.0;1
1058;8;4;0;0;94;64;634;4;4;0.0;0.0;1
1059;0;0;0;0;0;0;0;0;0;0.0;0.0;0
1060;6;4;0;0;462;64;814;4;4;0.0;0.0;1
1061;8;0;0;0;145;60;820;3;3;0.0;0.0;0
1062;2;0;0;0;64;60;124;2;2;0.0;0.0;0
1063;2;0;0;1;100;100;200;1;1;0.0;0.0;0
1064;19;0;0;11;100;60;1452;6;6;0.0;0.0;1
1065;6;0;0;6;60;60;360;2;2;0.0;0.0;1
1066;1;0;0;0;64;64;64;1;1;0.0;0.0;0
1067;9;0;0;6;94;60;642;3;3;0.0;0.0;1
1068;5;4;0;0;72;64;352;3;3;0.0;0.0;1
1069;0;0;0;0;0;0;0;0;0;0.0;0.0;0
1070;1;0;0;0;64;64;64;1;1;0.0;0.0;0
1071;0;0;0;0;0;0;0;0;0;0.0;0.0;0
1072;96;0;0;58;100;60;8168;11;11;0.0;0.0;0
1073;20;0;0;12;100;60;1704;3;3;0.0;0.0;0
1074;11;0;0;6;94;60;800;4;4;0.0;0.0;1
1075;18;0;0;13;228;60;1944;4;4;0.0;0.0;1
1076;3;0;0;2;64;60;184;2;2;0.0;0.0;0
1077;3;0;0;0;94;94;282;1;1;0.0;0.0;0
1078;1;0;0;0;64;64;64;1;1;0.0;0.0;0
1079;52;0;0;36;1484;60;11182;5;5;0.0;0.0;1
1080;1;0;0;0;64;64;64;1;1;0.0;0.0;0
1081;0;0;0;0;0;0;0;0;0;0.0;0.0;0
1082;1;0;0;0;64;64;64;1;1;0.0;0.0;0
1083;24;0;0;16;100;60;2080;4;4;0.0;0.0;0
1084;33;0;0;18;100;60;2600;10;10;0.0;0.0;1
1085;6;0;0;6;60;60;360;2;2;0.0;0.0;1
1086;8;4;0;0;94;64;634;4;4;0.0;0.0;1
1087;0;0;0;0;0;0;0;0;0;0.0;0.0;0
1088;1;0;0;0;64;64;64;1;1;0.0;0.0;0
1089;49;0;0;45;2974;60;27990;3;3;0.0;0.0;0
1090;113;0;0;75;2974;60;46720;6;6;0.0;0.0;0
1091;594;0;0;334;3467;60;179340;11;11;0.0;0.0;0
1092;21;0;0;13;462;60;2292;5;4;0.0;0.0;0
1093;8;4;0;0;94;72;664;3;3;0.0;0.0;1
1094;11;4;0;6;72;60;712;5;5;0.0;0.0;1
1095;4;4;0;0;72;72;288;2;2;0.0;0.0;1
1096;25;0;0;8;2861;60;8562;6;6;0.0;0.0;0
1097;0;0;0;0;0;0;0;0;0;0.0;0.0;0
1098;5;4;0;0;72;64;352;3;3;0.0;0.0;1
1099;0;0;0;0;0;0;0;0;0;0.0;0.0;0
1100;17;0;0;14;107;60;1252;5;5;0.0;0.0;1
1101;75;0;0;48;2868;60;18300;8;8;0.0;0.0;1
1102;8;0;0;4;118;60;728;4;4;0.0;0.0;1
1103;6;0;0;1;118;94;612;2;2;0.0;0.0;0
1104;17;0;0;12;150;60;1628;5;5;0.0;0.0;1
1105;6;4;0;2;72;60;408;3;3;0.0;0.0;1
1106;6;0;0;1;134;64;614;3;3;0.0;0.0;0
1107;4;0;0;3;150;66;432;2;2;0.0;0.0;1
1108;1;0;0;0;64;64;64;1;1;0.0;0.0;0
1109;6;0;0;4;150;66;700;2;2;0.0;0.0;1
1110;13;0;0;10;100;60;914;3;3;0.0;0.0;0
1111;35;0;0;28;462;60;3552;7;7;0.0;0.0;0
1112;11;0;0;8;134;64;964;3;3;0.0;0.0;1
1113;4;0;0;0;94;94;376;1;1;0.0;0.0;0
1114;5;0;0;4;66;64;328;3;3;0.0;0.0;1
1115;7;0;0;0;94;60;522;3;3;0.0;0.0;0
1116;1;0;0;0;64;64;64;1;1;0.0;0.0;0
1117;0;0;0;0;0;0;0;0;0;0.0;0.0;0
1118;1;0;0;0;64;64;64;1;1;0.0;0.0;0
1119;0;0;0;0;0;0;0;0;0;0.0;0.0;0
1120;1;0;0;0;64;64;64;1;1;0.0;0.0;0
1121;37;0;0;24;3012;60;9502;6;6;0.0;0.0;0
1122;2;0;0;0;64;60;124;2;2;0.0;0.0;0
1123;8;4;0;0;94;72;664;3;3;0.0;0.0;1
1124;1;0;0;0;64;64;64;1;1;0.0;0.0;0
1125;97;0;0;76;100;60;7092;9;9;0.0;0.0;0
1126;43;0;0;34;100;60;3104;6;6;0.0;0.0;0
1127;0;0;0;0;0;0;0;0;0;0.0;0.0;0
1128;1;0;0;0;64;64;64;1;1;0.0;0.0;0
1129;0;0;0;0;0;0;0;0;0;0.0;0.0;0
1130;9;8;0;0;72;64;640;3;3;0.0;0.0;1
1131;20;4;0;16;72;60;1284;6;6;0.0;0.0;1
1132;6;0;0;0;94;60;500;3;3;0.0;0.0;0
1133;0;0;0;0;0;0;0;0;0;0.0;0.0;0
1134;17;4;0;8;100;60;1324;5;5;0.0;0.0;1
1135;3;0;0;0;94;94;282;1;1;0.0;0.0;0
1136;1;0;0;0;64;64;64;1;1;0.0;0.0;0
1137;62;0;0;42;1484;60;11504;5;5;0.0;0.0;0
1138;39;0;0;26;432;60;4488;4;4;0.0;0.0;0
1139;18;0;0;14;139;60;1594;2;2;0.0;0.0;0
1140;1;0;0;0;64;64;64;1;1;0.0;0.0;0
1141;36;4;0;27;229;60;3110;7;7;0.0;0.0;1
1142;5;0;0;0;94;64;440;2;2;0.0;0.0;0
1143;4;0;0;0;149;149;596;1;1;0.0;0.0;0
1144;5;0;0;0;149;64;660;2;2;0.0;0.0;0
1145;3;0;0;0;94;94;282;1;1;0.0;0.0;0
1146;5;0;0;0;149;64;660;2;2;0.0;0.0;0
1147;0;0;0;0;0;0;0;0;0;0.0;0.0;0
1148;17;0;0;12;100;60;1344;3;3;0.0;0.0;0
1149;24;0;0;18;100;60;1920;4;4;0.0;0.0;0
1150;14;0;0;6;462;60;1762;5;5;0.0;0.0;0
1151;39;0;0;26;2869;60;9336;8;8;0.0;0.0;1
1152;6;0;0;0;94;60;500;3;3;0.0;0.0;0
1153;0;0;0;0;0;0;0;0;0;0.0;0.0;0
1154;4;0;0;0;94;64;346;2;2;0.0;0.0;0
1155;6;0;0;6;60;60;360;2;2;0.0;0.0;1
1156;5;0;0;0;64;60;304;3;3;0.0;0.0;0
1157;0;0;0;0;0;0;0;0;0;0.0;0.0;0
1158;5;0;0;0;149;64;660;2;2;0.0;0.0;0
1159;0;0;0;0;0;0;0;0;0;0.0;0.0;0
1160;5;4;0;0;72;64;352;3;3;0.0;0.0;1
1161;20;0;0;16;94;60;1372;5;5;0.0;0.0;0
1162;2;0;0;0;64;60;124;2;2;0.0;0.0;0
1163;32;0;0;0;92;64;2512;2;3;0.0;0.0;0
1164;9;0;0;0;462;64;1176;4;4;0.0;0.0;0
1165;0;0;0;0;0;0;0;0;0;0.0;0.0;0
1166;7;0;0;6;64;60;424;3;3;0.0;0.0;1
1167;4;4;0;0;72;72;288;2;2;0.0;0.0;1
1168;5;4;0;0;72;64;352;3;3;0.0;0.0;1
1169;4;4;0;0;72;72;288;2;2;0.0;0.0;1
1170;5;0;0;0;94;64;440;2;2;0.0;0.0;0
1171;20;4;0;16;72;60;1284;6;6;0.0;0.0;1
1172;1;0;0;0;64;64;64;1;1;0.0;0.0;0
1173;0;0;0;0;0;0;0;0;0;0.0;0.0;0
1174;8;0;0;0;149;64;942;3;3;0.0;0.0;0
1175;0;0;0;0;0;0;0;0;0;0.0;0.0;0
1176;1;0;0;0;64;64;64;1;1;0.0;0.0;0
1177;0;0;0;0;0;0;0;0;0;0.0;0.0;0
1178;1;0;0;0;64;64;64;1;1;0.0;0.0;0
1179;8;4;0;0;94;72;664;3;3;0.0;0.0;1
1180;1;0;0;0;64;64;64;1;1;0.0;0.0;0
1181;16;0;0;16;66;60;996;4;4;0.0;0.0;0
1182;6;0;0;4;74;60;420;4;4;0.0;0.0;1
1183;12;0;0;10;107;66;936;2;2;0.0;0.0;1
1184;14;0;0;8;1042;64;4254;4;4;0.0;0.0;1
1185;149;0;0;90;2462;60;29346;10;10;0.0;0.0;0
1186;377;0;0;223;2974;60;108478;11;13;0.0;0.0;0
1187;753;0;0;487;2974;60;372096;16;15;0.0;0.0;1
1188;330;0;0;187;2974;60;93146;11;11;0.0;0.0;1
1189;108;0;0;82;2974;60;59532;8;6;0.0;0.0;0
1190;7;0;0;3;134;64;836;3;3;0.0;0.0;1
1191;24;0;0;23;134;60;1624;7;7;0.0;0.0;0
1192;94;0;0;55;2974;60;33626;11;9;0.0;0.0;1
1193;35;0;0;23;1802;60;7430;6;6;0.0;0.0;0
1194;7;0;0;5;150;62;620;4;4;0.0;0.0;1
1195;20;0;0;14;229;60;1798;4;6;0.0;0.0;0
1196;17;0;0;9;172;60;1858;5;4;0.0;0.0;0
1197;32;0;0;29;150;60;2236;7;7;0.0;0.0;1
1198;23;4;0;9;984;60;3944;6;6;0.0;0.0;1
1199;22;0;0;18;134;60;1678;6;5;0.0;0.0;0
1200;7;0;0;5;134;64;596;4;3;0.0;0.0;0
1201;25;0;0;23;462;60;2090;7;7;0.0;0.0;1
1202;14;0;0;10;94;60;970;6;6;0.0;0.0;0
1203;14;0;0;10;1807;60;5654;3;3;0.0;0.0;1
1204;5;0;0;4;64;60;304;3;3;0.0;0.0;1
1205;12;12;0;0;72;72;864;2;2;0.0;0.0;1
1206;23;0;0;14;149;60;2060;6;6;0.0;0.0;1
1207;58;0;0;49;100;60;4134;9;9;0.0;0.0;0
1208;25;0;0;13;228;60;2664;6;6;0.0;0.0;0
1209;6;4;0;2;72;60;408;3;3;0.0;0.0;1
1210;7;0;0;6;64;60;424;3;3;0.0;0.0;1
1211;75;0;0;57;2873;60;12470;5;21;0.0;0.0;0
1212;5;0;0;0;94;60;406;3;3;0.0;0.0;0
1213;66;0;0;44;559;60;8194;10;10;0.0;0.0;1
1214;160;0;0;84;2974;60;47418;8;8;0.0;0.0;1
1215;1049;0;0;625;3174;60;632110;14;14;0.0;0.0;0
1216;63;4;0;34;2984;60;18882;9;9;0.0;0.0;1
1217;0;0;0;0;0;0;0;0;0;0.0;0.0;0
1218;5;0;0;0;94;64;440;2;2;0.0;0.0;0
1219;18;0;0;18;60;60;1080;3;3;0.0;0.0;0
1220;15;0;0;12;85;60;1004;3;3;0.0;0.0;0
1221;79;0;0;41;2974;60;23194;6;6;0.0;0.0;0
1222;35;0;0;20;444;60;4624;7;7;0.0;0.0;1
1223;16;4;0;10;167;60;1296;4;4;0.0;0.0;1
1224;9;0;0;8;66;60;556;5;5;0.0;0.0;1
1225;16;0;0;11;225;60;1818;2;2;0.0;0.0;0
1226;1;0;0;0;64;64;64;1;1;0.0;0.0;0
1227;4;0;0;0;94;94;376;1;1;0.0;0.0;0
1228;1;0;0;0;64;64;64;1;1;0.0;0.0;0
1229;8;0;0;8;60;60;480;2;2;0.0;0.0;0
1230;1;0;0;0;64;64;64;1;1;0.0;0.0;0
1231;82;0;0;38;2974;60;16894;6;6;0.0;0.0;0
1232;4;0;0;0;94;64;346;2;2;0.0;0.0;0
1233;0;0;0;0;0;0;0;0;0;0.0;0.0;0
1234;5;4;0;0;72;64;352;3;3;0.0;0.0;1
1235;28;0;0;14;206;60;3056;4;4;0.0;0.0;0
1236;47;0;0;20;244;60;4866;7;7;0.0;0.0;0
1237;0;0;0;0;0;0;0;0;0;0.0;0.0;0
1238;19;0;0;14;1042;64;4852;3;3;0.0;0.0;1
1239;18;0;0;14;914;66;4036;2;2;0.0;0.0;1
1240;5;2;0;0;480;64;1928;3;3;0.0;0.0;1
1241;31;8;0;16;162;60;2646;5;5;0.0;0.0;1
1242;6;4;0;0;72;60;412;4;4;0.0;0.0;1
1243;2;0;0;1;146;146;292;1;1;0.0;0.0;0
1244;11;0;0;9;162;64;916;3;3;0.0;0.0;1
1245;14;4;0;6;94;60;1024;3;3;0.0;0.0;1
1246;25;0;0;15;3637;60;12802;4;4;0.0;0.0;0
1247;0;0;0;0;0;0;0;0;0;0.0;0.0;0
1248;1;0;0;0;64;64;64;1;1;0.0;0.0;0
1249;0;0;0;0;0;0;0;0;0;0.0;0.0;0
1250;4;0;0;0;94;64;346;2;2;0.0;0.0;0
1251;0;0;0;0;0;0;0;0;0;0.0;0.0;0
1252;6;4;0;0;72;60;412;4;4;0.0;0.0;1
1253;0;0;0;0;0;0;0;0;0;0.0;0.0;0
1254;1;0;0;0;64;64;64;1;1;0.0;0.0;0
1255;4;0;0;0;94;94;376;1;1;0.0;0.0;0
1256;6;0;0;4;462;60;778;4;4;0.0;0.0;0
1257;0;0;0;0;0;0;0;0;0;0.0;0.0;0
1258;1;0;0;0;64;64;64;1;1;0.0;0.0;0
1259;0;0;0;0;0;0;0;0;0;0.0;0.0;0
1260;4;0;0;0;94;64;346;2;2;0.0;0.0;0
1261;0;0;0;0;0;0;0;0;0;0.0;0.0;0
1262;1;0;0;0;64;64;64;1;1;0.0;0.0;0
1263;0;0;0;0;0;0;0;0;0;0.0;0.0;0
1264;9;0;0;4;94;64;736;4;4;0.0;0.0;1
1265;33;0;0;23;1042;60;6658;5;5;0.0;0.0;1
1266;13;0;0;10;914;60;3084;5;5;0.0;0.0;1
1267;8;0;0;6;914;66;2256;2;2;0.0;0.0;1
1268;15;0;0;6;118;60;1160;6;6;0.0;0.0;1
1269;11;0;0;5;150;66;1250;3;3;0.0;0.0;1
1270;5;0;0;4;64;60;304;3;3;0.0;0.0;1
1271;12;4;0;6;150;66;1120;3;3;0.0;0.0;1
1272;10;0;0;6;100;60;764;4;4;0.0;0.0;0
1273;26;0;0;16;150;60;2356;6;6;0.0;0.0;1
1274;55;0;0;40;100;60;4396;9;9;0.0;0.0;0
1275;12;0;0;11;134;66;1056;2;2;0.0;0.0;1
1276;42;0;0;27;2974;60;12400;7;7;0.0;0.0;1
1277;2;0;0;2;62;62;124;1;1;0.0;0.0;0
1278;9;8;0;0;72;64;640;3;3;0.0;0.0;1
1279;3;0;0;0;94;94;282;1;1;0.0;0.0;0
1280;5;4;0;0;72;64;352;3;3;0.0;0.0;1
1281;0;0;0;0;0;0;0;0;0;0.0;0.0;0
1282;6;4;0;0;72;60;412;4;4;0.0;0.0;1
1283;4;0;0;0;94;94;376;1;1;0.0;0.0;0
1284;1;0;0;0;64;64;64;1;1;0.0;0.0;0
1285;0;0;0;0;0;0;0;0;0;0.0;0.0;0
1286;5;0;0;4;66;60;316;3;3;0.0;0.0;0
1287;0;0;0;0;0;0;0;0;0;0.0;0.0;0
1288;1;0;0;0;64;64;64;1;1;0.0;0.0;0
1289;3;0;0;0;94;94;282;1;1;0.0;0.0;0
1290;5;4;0;0;72;64;352;3;3;0.0;0.0;1
1291;0;0;0;0;0;0;0;0;0;0.0;0.0;0
1292;1;0;0;0;64;64;64;1;1;0.0;0.0;0
1293;4;0;0;0;94;94;376;1;1;0.0;0.0;0
1294;17;0;0;12;100;60;1344;4;4;0.0;0.0;0
1295;4;2;0;0;477;449;1852;2;2;0.0;0.0;1
1296;5;0;0;4;66;60;316;3;3;0.0;0.0;0
1297;0;0;0;0;0;0;0;0;0;0.0;0.0;0
1298;4;0;0;0;94;64;346;2;2;0.0;0.0;0
1299;0;0;0;0;0;0;0;0;0;0.0;0.0;0
1300;7;0;0;6;64;60;424;3;3;0.0;0.0;1
1301;6;0;0;6;60;60;360;2;2;0.0;0.0;1
1302;2;0;0;0;64;60;124;2;2;0.0;0.0;0
1303;4;0;0;0;94;94;376;1;1;0.0;0.0;0
1304;1;0;0;0;64;64;64;1;1;0.0;0.0;0
1305;0;0;0;0;0;0;0;0;0;0.0;0.0;0
1306;5;0;0;4;66;60;316;3;3;0.0;0.0;0
1307;5;0;0;0;342;90;714;3;3;0.0;0.0;0
1308;7;4;0;0;90;64;528;4;5;0.0;0.0;1
1309;6;0;0;0;223;62;758;1;3;0.0;0.0;0
1310;7;0;0;0;342;64;1376;3;4;0.0;0.0;0
1311;1;0;0;0;211;211;211;1;1;0.0;0.0;0
1312;7;0;0;0;203;60;703;4;4;0.0;0.0;0
1313;6;0;0;0;462;60;913;4;4;0.0;0.0;0
1314;1;0;0;0;64;64;64;1;1;0.0;0.0;0
1315;13;8;0;4;342;72;1214;3;3;0.0;0.0;1
1316;39;0;0;26;1042;60;9197;7;7;0.0;0.0;1
1317;18;4;0;10;162;66;1692;2;2;0.0;0.0;1
1318;5;0;0;3;162;64;544;3;3;0.0;0.0;1
1319;17;4;0;12;462;60;1470;3;3;0.0;0.0;1
1320;13;0;0;10;162;64;1208;3;3;0.0;0.0;1
1321;0;0;0;0;0;0;0;0;0;0.0;0.0;0
1322;9;4;0;0;94;60;680;4;4;0.0;0.0;1
1323;6;0;0;6;60;60;360;2;2;0.0;0.0;1
1324;11;0;0;6;342;60;1249;5;5;0.0;0.0;0
1325;3;0;0;0;94;94;282;1;1;0.0;0.0;0
1326;5;0;0;4;66;60;316;3;3;0.0;0.0;0
1327;4;4;0;0;72;72;288;2;2;0.0;0.0;1
1328;1;0;0;0;64;64;64;1;1;0.0;0.0;0
1329;0;0;0;0;0;0;0;0;0;0.0;0.0;0
1330;1;0;0;0;64;64;64;1;1;0.0;0.0;0
1331;20;0;0;13;230;60;2228;3;3;0.0;0.0;0
1332;24;0;0;12;100;60;2032;7;7;0.0;0.0;0
1333;36;0;0;24;100;60;3120;7;7;0.0;0.0;0
1334;4;0;0;0;94;64;346;2;2;0.0;0.0;0
1335;16;0;0;11;206;60;1780;2;2;0.0;0.0;0
1336;23;0;0;13;2974;60;10974;4;4;0.0;0.0;0
1337;32;0;0;27;468;60;2952;5;5;0.0;0.0;0
1338;172;0;0;107;2974;60;76792;7;7;0.0;0.0;0
1339;727;0;0;462;2914;60;490384;10;10;0.0;0.0;0
1340;2;0;0;0;203;64;267;2;2;0.0;0.0;0
1341;7;0;0;0;94;78;610;2;1;0.0;0.0;0
1342;12;0;0;6;64;60;724;6;6;0.0;0.0;0
1343;0;0;0;0;0;0;0;0;0;0.0;0.0;0
1344;4;0;0;0;94;64;346;2;2;0.0;0.0;0
1345;4;4;0;0;72;72;288;2;2;0.0;0.0;1
1346;5;0;0;4;66;60;316;3;3;0.0;0.0;0
1347;0;0;0;0;0;0;0;0;0;0.0;0.0;0
1348;7;0;0;6;66;60;448;3;4;0.0;0.0;0
1349;29;0;0;21;342;60;3320;5;5;0.0;0.0;1
1350;7;0;0;1;1042;64;2524;3;3;0.0;0.0;0
1351;16;4;0;10;714;66;2482;3;3;0.0;0.0;1
1352;23;4;0;10;914;60;5984;7;8;0.0;0.0;1
1353;18;4;0;8;223;60;1526;6;7;0.0;0.0;1
1354;22;0;0;8;914;64;4134;5;6;0.0;0.0;1
1355;4;0;0;1;342;118;789;3;3;0.0;0.0;0
1356;24;4;0;15;203;60;1871;7;7;0.0;0.0;1
1357;11;0;0;7;211;62;1303;4;4;0.0;0.0;1
1358;7;0;0;6;64;60;424;3;3;0.0;0.0;1
1359;18;0;0;12;228;60;2092;3;3;0.0;0.0;0
1360;12;0;0;4;203;64;1343;5;5;0.0;0.0;1
1361;1;0;0;0;342;342;342;1;1;0.0;0.0;0
1362;8;0;0;4;150;60;824;4;4;0.0;0.0;1
1363;3;0;0;1;462;134;730;2;2;0.0;0.0;0
1364;10;4;0;1;134;64;902;4;4;0.0;0.0;1
1365;8;0;0;7;118;66;632;2;2;0.0;0.0;1
1366;9;0;0;7;118;60;708;5;5;0.0;0.0;1
1367;2;0;0;2;66;66;132;1;1;0.0;0.0;0
1368;4;0;0;2;203;64;399;3;3;0.0;0.0;0
1369;0;0;0;0;0;0;0;0;0;0.0;0.0;0
1370;13;8;0;0;94;64;1096;4;4;0.0;0.0;1
1371;2;0;0;2;66;66;132;1;1;0.0;0.0;0
1372;2;0;0;0;64;60;124;2;2;0.0;0.0;0
1373;8;0;0;4;342;60;864;4;4;0.0;0.0;1
1374;3;0;0;2;64;60;184;2;2;0.0;0.0;1
1375;1;0;0;0;462;462;462;1;1;0.0;0.0;0
1376;5;0;0;4;66;60;316;3;3;0.0;0.0;0
1377;2;0;0;2;66;66;132;1;1;0.0;0.0;0
1378;1;0;0;0;64;64;64;1;1;0.0;0.0;0
1379;10;0;0;6;94;60;736;3;3;0.0;0.0;1
1380;1;0;0;0;64;64;64;1;1;0.0;0.0;0
1381;89;0;0;53;2475;66;22106;5;5;0.0;0.0;0
1382;4;0;0;0;94;64;346;2;2;0.0;0.0;0
1383;14;4;0;8;100;60;1018;4;4;0.0;0.0;1
1384;14;0;0;0;203;64;2343;4;4;0.0;0.0;0
1385;42;0;0;34;100;60;3012;5;5;0.0;0.0;0
1386;5;0;0;4;66;60;316;3;3;0.0;0.0;0
1387;12;0;0;0;181;165;2076;2;2;0.0;0.0;0
1388;5;0;0;0;94;64;440;2;2;0.0;0.0;0
1389;26;8;0;13;229;60;2534;4;4;0.0;0.0;1
1390;18;4;0;0;342;64;2770;6;6;0.0;0.0;1
1391;4;0;0;4;66;66;264;2;2;0.0;0.0;0
1392;5;0;0;0;94;60;406;3;3;0.0;0.0;0
1393;0;0;0;0;0;0;0;0;0;0.0;0.0;0
1394;5;4;0;0;72;64;352;3;3;0.0;0.0;1
1395;12;0;0;12;74;60;804;2;2;0.0;0.0;1
1396;5;0;0;4;66;60;316;3;3;0.0;0.0;0
1397;40;0;0;28;342;60;3532;6;6;0.0;0.0;0
1398;15;0;0;6;110;60;1276;5;6;0.0;0.0;0
1399;14;0;0;0;223;60;1765;3;5;0.0;0.0;0
1400;4;0;0;0;342;64;820;3;3;0.0;0.0;0
1401;8;4;0;4;72;66;552;4;4;0.0;0.0;1
1402;6;0;0;0;203;60;609;4;4;0.0;0.0;0
1403;1;0;0;0;211;211;211;1;1;0.0;0.0;0
1404;1;0;0;0;64;64;64;1;1;0.0;0.0;0
1405;1;0;0;0;342;342;342;1;1;0.0;0.0;0
1406;16;0;0;12;203;60;1249;5;5;0.0;0.0;0
1407;0;0;0;0;0;0;0;0;0;0.0;0.0;0
1408;5;0;0;0;94;64;440;2;2;0.0;0.0;0
1409;0;0;0;0;0;0;0;0;0;0.0;0.0;0
1410;7;0;0;6;64;60;424;3;3;0.0;0.0;1
1411;7;0;0;4;94;66;546;3;3;0.0;0.0;0
1412;1;0;0;0;64;64;64;1;1;0.0;0.0;0
1413;0;0;0;0;0;0;0;0;0;0.0;0.0;0
1414;8;0;0;6;203;60;639;4;4;0.0;0.0;1
1415;0;0;0;0;0;0;0;0;0;0.0;0.0;0
1416;5;0;0;4;66;60;316;3;3;0.0;0.0;0
1417;310;0;0;162;1625;60;73392;12;12;0.0;0.0;0
1418;94;0;0;73;2974;60;31496;6;7;0.0;0.0;0
1419;799;0;0;542;2914;60;352294;12;12;0.0;0.0;0
1420;753;4;0;501;2914;60;203378;16;13;0.0;0.0;1
1421;40;0;0;28;462;60;3856;6;4;0.0;0.0;0
1422;80;0;0;49;1984;60;19452;11;9;0.0;0.0;0
1423;12;0;0;12;60;60;720;3;3;0.0;0.0;0
1424;7;0;0;6;64;60;424;3;3;0.0;0.0;0
1425;12;4;0;4;145;66;1132;4;4;0.0;0.0;1
1426;31;4;0;22;145;60;2372;9;7;0.0;0.0;1
1427;16;4;0;12;72;60;1032;6;6;0.0;0.0;1
1428;9;0;0;0;145;64;1020;3;3;0.0;0.0;0
1429;4;0;0;4;60;60;240;2;2;0.0;0.0;1
1430;105;4;0;75;2579;60;16313;9;9;0.0;0.0;1
1431;4;0;0;0;462;94;744;2;2;0.0;0.0;0
1432;18;0;0;12;145;60;1496;7;7;0.0;0.0;0
1433;4;0;0;4;66;66;264;1;1;0.0;0.0;0
1434;6;0;0;4;342;64;670;4;3;0.0;0.0;0
1435;4;0;0;0;60;60;240;2;2;0.0;0.0;0
1436;11;0;0;10;66;60;676;5;5;0.0;0.0;1
1437;16;0;0;12;94;60;1120;5;5;0.0;0.0;0
1438;5;4;0;0;72;64;352;3;3;0.0;0.0;1
1439;0;0;0;0;0;0;0;0;0;0.0;0.0;0
1440;73;0;0;54;229;60;6734;8;8;0.0;0.0;0
1441;3;0;0;0;94;94;282;1;1;0.0;0.0;0
1442;15;0;0;12;342;64;1308;7;7;0.0;0.0;0
1443;2;0;0;0;110;86;196;1;2;0.0;0.0;0
1444;7;0;0;0;223;62;955;2;4;0.0;0.0;0
1445;10;0;0;4;342;60;1419;4;5;0.0;0.0;1
1446;10;0;0;4;211;60;903;5;5;0.0;0.0;0
1447;11;0;0;10;203;60;827;4;5;0.0;0.0;0
1448;12;0;0;8;211;60;1035;5;5;0.0;0.0;0
1449;1;0;0;0;342;342;342;1;1;0.0;0.0;0
1450;28;0;0;24;94;60;1858;5;5;0.0;0.0;0
1451;19;0;0;16;203;60;1383;5;5;0.0;0.0;1
1452;14;0;0;12;66;60;916;6;6;0.0;0.0;0
1453;1;0;0;0;342;342;342;1;1;0.0;0.0;0
1454;1;0;0;0;64;64;64;1;1;0.0;0.0;0
1455;0;0;0;0;0;0;0;0;0;0.0;0.0;0
1456;65;0;0;29;207;60;6466;10;10;0.0;0.0;0
1457;32;8;0;12;110;60;2472;10;10;0.0;0.0;1
1458;389;0;0;171;2332;60;111900;10;10;0.0;0.0;1
1459;761;0;0;546;1484;60;514551;9;9;0.0;0.0;0
1460;600;0;0;431;1484;60;409814;11;11;0.0;0.0;1
1461;145;0;0;85;1484;60;28972;10;10;0.0;0.0;1
1462;389;0;0;255;2974;60;125130;15;14;0.0;0.0;1
1463;761;8;0;446;3070;60;337372;16;16;0.0;0.0;1
1464;76;4;0;61;2974;60;50198;6;6;0.0;0.0;1
1465;10;0;0;9;146;66;820;3;2;0.0;0.0;0
1466;15;0;0;9;162;64;1292;4;4;0.0;0.0;1
1467;36;4;0;32;72;60;2232;8;8;0.0;0.0;1
1468;5;0;0;4;64;60;304;3;3;0.0;0.0;0
1469;11;0;0;8;94;66;810;3;2;0.0;0.0;0
1470;134;0;0;114;462;60;11294;8;8;0.0;0.0;0
1471;0;0;0;0;0;0;0;0;0;0.0;0.0;0
1472;13;0;0;12;66;60;820;4;4;0.0;0.0;0
1473;28;0;0;23;247;60;2654;6;6;0.0;0.0;0
1474;1;0;0;0;64;64;64;1;1;0.0;0.0;0
1475;10;4;0;0;342;72;1209;5;5;0.0;0.0;1
1476;11;0;0;6;100;60;916;3;3;0.0;0.0;0
1477;34;0;0;20;438;60;4158;7;6;0.0;0.0;0
1478;97;0;0;67;100;60;7706;9;9;0.0;0.0;0
1479;27;0;0;16;100;60;2226;4;4;0.0;0.0;0
1480;29;0;0;28;66;60;1840;5;5;0.0;0.0;0
1481;1;0;0;0;462;462;462;1;1;0.0;0.0;0
1482;20;0;0;17;97;60;1350;6;6;0.0;0.0;0
1483;24;0;0;19;229;60;2354;5;5;0.0;0.0;0
1484;15;0;0;10;94;60;1040;4;4;0.0;0.0;1
1485;0;0;0;0;0;0;0;0;0;0.0;0.0;0
1486;1;0;0;0;64;64;64;1;1;0.0;0.0;0
1487;10;0;0;8;110;60;724;4;4;0.0;0.0;0
1488;8;0;0;0;145;64;926;3;3;0.0;0.0;0
1489;12;6;6;0;1030;590;7960;2;2;9665.0;8096.0;1
1490;31;2;2;26;590;60;4068;7;6;80.0;80.0;1
1491;2;0;0;2;66;66;132;1;1;0.0;0.0;0
1492;18;0;0;16;64;60;1084;4;4;0.0;0.0;0
1493;14;0;0;14;66;60;888;5;5;0.0;0.0;1
1494;35;16;14;0;1030;64;18364;4;4;523.0;8516.0;1
1495;4;0;0;0;60;60;240;2;2;0.0;0.0;0
1496;13;4;8;0;590;64;6880;3;3;623.0;22566.0;1
1497;14;0;0;14;66;60;900;5;5;0.0;0.0;0
1498;24;0;0;0;94;64;1994;4;5;0.0;0.0;0
1499;18;6;2;4;578;66;3492;5;5;137.0;137.0;1
1500;29;4;0;24;72;60;1864;6;6;0.0;0.0;1
1501;16;8;0;4;72;60;1032;6;6;0.0;0.0;1
1502;17;8;8;0;590;64;9504;3;3;12295.0;18991.0;1
1503;4;0;0;0;94;94;376;1;1;0.0;0.0;0
1504;9;4;0;4;72;64;616;5;5;0.0;0.0;1
1505;0;0;0;0;0;0;0;0;0;0.0;0.0;0
1506;13;6;6;0;1030;64;8024;3;3;14469.0;7825.0;1
1507;20;6;8;6;590;60;8632;4;5;25021.0;80.0;1
1508;10;2;2;2;590;64;2838;5;5;23240.0;11951.0;1
1509;4;0;0;0;94;94;376;1;1;0.0;0.0;0
1510;25;0;0;24;66;60;1576;4;4;0.0;0.0;0
1511;11;4;0;4;78;66;786;5;5;0.0;0.0;1
1512;2;0;0;0;64;60;124;2;2;0.0;0.0;0
1513;20;0;0;11;229;60;2202;3;3;0.0;0.0;0
1514;5;0;0;4;66;64;328;3;3;0.0;0.0;0
1515;4;2;2;0;750;590;2680;2;2;623.0;27419.0;1
1516;1;0;0;0;64;64;64;1;1;0.0;0.0;0
1517;7;0;0;4;94;60;534;3;3;0.0;0.0;0
1518;13;4;4;4;590;60;5036;5;5;35834.0;13857.0;1
1519;16;0;0;12;112;66;1424;3;3;0.0;0.0;0
1520;41;0;0;36;100;60;2856;7;7;0.0;0.0;0
1521;58;12;18;22;670;60;20524;7;7;523.0;443.0;1
1522;39;0;0;24;462;60;3522;7;7;0.0;0.0;0
1523;16;4;4;6;590;60;5360;4;4;443.0;443.0;1
1524;13;2;2;4;1030;60;3808;7;7;9597.0;41511.0;1
1525;4;2;2;0;590;590;2360;2;2;5497.0;59915.0;1
1526;4;0;0;0;94;64;346;2;2;0.0;0.0;0
1527;8;2;2;4;1030;60;3492;4;4;39563.0;31158.0;1
1528;5;0;0;4;66;60;316;3;3;0.0;0.0;0
1529;93;0;0;37;2319;60;20834;6;9;0.0;0.0;0
1530;37;8;4;24;1030;60;8344;6;6;80.0;80.0;1
1531;8;0;0;4;66;60;504;4;4;0.0;0.0;0
1532;5;0;0;0;94;64;440;2;2;0.0;0.0;0
1533;7;0;0;6;462;60;822;3;3;0.0;0.0;0
1534;15;0;0;10;100;60;1180;5;5;0.0;0.0;0
1535;42;0;0;40;85;60;2620;3;3;0.0;0.0;0
1536;84;8;0;44;100;60;7074;11;11;0.0;0.0;1
1537;32;4;4;16;590;60;6676;6;6;443.0;443.0;1
1538;11;4;0;6;72;64;748;5;5;0.0;0.0;1
1539;0;0;0;0;0;0;0;0;0;0.0;0.0;0
1540;39;4;0;22;229;60;4098;5;5;0.0;0.0;1
1541;12;4;4;0;1030;60;6720;4;4;39563.0;2624.0;1
1542;10;0;0;4;94;60;764;5;5;0.0;0.0;0
1543;4;2;2;0;1030;590;3240;2;2;45261.0;1700.0;1
1544;43;0;0;26;315;60;4932;4;4;0.0;0.0;0
1545;33;4;4;14;1030;60;9898;5;5;465.0;55019.0;1
1546;19;0;0;14;155;60;1690;3;3;0.0;0.0;0
1547;4;0;0;4;66;60;252;2;2;0.0;0.0;0
1548;124;10;6;85;2962;64;89762;7;7;443.0;34576.0;1
1549;363;0;0;315;2962;66;389302;3;3;0.0;0.0;0
1550;1;0;0;0;64;64;64;1;1;0.0;0.0;0
1551;28;0;0;0;174;67;2810;3;3;0.0;0.0;0
1552;22;0;0;18;112;60;1562;7;7;0.0;0.0;1
1553;0;0;0;0;0;0;0;0;0;0.0;0.0;0
1554;4;0;0;0;94;64;346;2;2;0.0;0.0;0
1555;4;0;0;4;74;74;296;2;2;0.0;0.0;1
1556;17;0;0;12;1042;64;4480;3;3;0.0;0.0;1
1557;32;10;10;9;1042;60;17652;4;4;22.0;46613.0;1
1558;5;0;0;3;338;64;896;3;3;0.0;0.0;1
1559;12;4;4;3;670;78;5872;2;2;523.0;7319.0;1
1560;7;0;0;1;914;64;2268;3;3;0.0;0.0;0
1561;4;0;0;3;338;78;832;2;2;0.0;0.0;1
1562;25;8;8;8;590;64;10032;5;5;6649.0;3057.0;1
1563;2;0;0;2;60;60;120;1;1;0.0;0.0;1
1564;8;2;2;0;578;64;2602;4;4;623.0;1144.0;1
1565;0;0;0;0;0;0;0;0;0;0.0;0.0;0
1566;7;0;0;6;64;60;424;3;3;0.0;0.0;1
1567;8;4;0;4;72;60;540;4;4;0.0;0.0;1
1568;1;0;0;0;64;64;64;1;1;0.0;0.0;0
1569;0;0;0;0;0;0;0;0;0;0.0;0.0;0
1570;13;2;2;0;590;64;3356;5;5;546.0;547.0;1
1571;4;0;0;0;149;149;596;1;1;0.0;0.0;0
1572;44;12;14;10;1030;60;18904;10;10;523.0;443.0;1
1573;17;4;0;6;149;60;1526;4;4;0.0;0.0;1
1574;6;4;0;0;462;64;814;4;4;0.0;0.0;1
1575;4;4;0;0;72;72;288;2;2;0.0;0.0;1
1576;25;6;12;6;670;64;11400;5;5;523.0;80.0;1
1577;24;0;0;12;149;60;2248;8;8;0.0;0.0;0
1578;29;8;8;8;590;60;8472;6;6;443.0;443.0;1
1579;22;0;0;12;100;60;1936;4;4;0.0;0.0;0
1580;39;0;0;25;229;60;3850;6;6;0.0;0.0;0
1581;6;0;0;4;100;60;520;2;2;0.0;0.0;0
1582;2;0;0;0;64;60;124;2;2;0.0;0.0;0
1583;27;4;4;11;750;60;7468;5;5;443.0;54872.0;1
1584;23;8;8;6;590;60;9864;3;3;21825.0;5287.0;1
1585;24;0;0;14;149;60;2062;4;7;0.0;0.0;0
1586;184;6;0;130;2974;60;50300;8;9;0.0;0.0;1
1587;469;2;2;267;2578;60;166026;18;18;443.0;443.0;1
1588;604;4;4;368;3161;60;388284;13;13;443.0;55018.0;1
1589;50;2;8;30;590;60;8826;6;6;59751.0;443.0;1
1590;61;0;0;48;100;60;4444;7;7;0.0;0.0;0
1591;16;0;0;10;100;60;1090;4;4;0.0;0.0;0
1592;38;2;2;30;1030;60;5386;8;8;80.0;80.0;1
1593;34;0;0;19;2974;60;11934;5;5;0.0;0.0;0
1594;1;0;0;0;64;64;64;1;1;0.0;0.0;0
1595;0;0;0;0;0;0;0;0;0;0.0;0.0;0
1596;9;2;2;4;1030;60;3544;3;3;25087.0;49238.0;1
1597;4;0;0;4;66;60;252;2;2;0.0;0.0;0
1598;31;2;2;16;1030;60;5912;7;7;443.0;54872.0;1
1599;14;0;0;10;100;60;1120;3;3;0.0;0.0;0
1600;13;6;6;0;590;64;7144;3;3;10335.0;975.0;1
1601;14;4;4;2;1030;74;7224;4;4;29157.0;547.0;1
1602;5;0;0;0;94;60;406;3;3;0.0;0.0;0
1603;74;4;4;41;2974;60;19850;8;8;443.0;443.0;1
1604;5;4;0;0;72;64;352;3;3;0.0;0.0;1
1605;2;0;0;2;74;74;148;1;1;0.0;0.0;0
1606;13;0;0;6;203;60;1582;4;5;0.0;0.0;1
1607;14;0;0;8;112;60;1208;5;5;0.0;0.0;0
1608;53;0;0;36;244;60;5688;5;5;0.0;0.0;0
1609;8;6;2;0;1030;72;3528;2;2;45737.0;55591.0;1
1610;1;0;0;0;64;64;64;1;1;0.0;0.0;0
1611;20;20;0;0;82;72;1560;2;2;0.0;0.0;1
1612;5;0;0;0;94;60;406;3;3;0.0;0.0;0
1613;4;0;0;4;66;60;252;2;2;0.0;0.0;0
1614;7;4;0;2;74;64;500;4;4;0.0;0.0;1
1615;0;0;0;0;0;0;0;0;0;0.0;0.0;0
1616;1;0;0;0;64;64;64;1;1;0.0;0.0;0
1617;12;0;0;8;94;60;868;5;5;0.0;0.0;1
1618;29;0;0;15;3624;60;13140;5;5;0.0;0.0;0
1619;0;0;0;0;0;0;0;0;0;0.0;0.0;0
1620;1;0;0;0;64;64;64;1;1;0.0;0.0;0
1621;0;0;0;0;0;0;0;0;0;0.0;0.0;0
1622;4;0;0;0;94;64;346;2;2;0.0;0.0;0
1623;24;14;10;0;1030;72;14728;2;2;25087.0;26908.0;1
1624;1;0;0;0;64;64;64;1;1;0.0;0.0;0
1625;0;0;0;0;0;0;0;0;0;0.0;0.0;0
1626;5;0;0;0;94;64;440;2;2;0.0;0.0;0
1627;24;8;8;4;670;60;11304;5;5;523.0;138.0;1
1628;13;2;6;4;1030;60;7676;5;5;29157.0;48354.0;1
1629;0;0;0;0;0;0;0;0;0;0.0;0.0;0
1630;12;4;4;2;578;64;5186;5;5;623.0;12076.0;1
1631;29;0;0;22;112;60;2270;6;6;0.0;0.0;1
1632;24;0;0;18;100;60;1704;5;5;0.0;0.0;0
1633;18;2;0;8;149;60;1750;5;5;0.0;0.0;1
1634;11;0;0;8;100;60;794;3;3;0.0;0.0;0
1635;8;4;0;0;60;60;480;4;4;0.0;0.0;1
1636;25;12;8;0;590;60;10120;4;4;18490.0;18917.0;1
1637;2;0;0;2;60;60;120;1;1;0.0;0.0;0
1638;23;0;0;17;206;60;2228;5;4;0.0;0.0;0
1639;0;0;0;0;0;0;0;0;0;0.0;0.0;0
1640;25;12;12;0;1030;64;15104;3;3;12041.0;3212.0;1
1641;15;6;6;0;590;72;5290;3;3;10432.0;10143.0;1
1642;8;0;0;6;64;60;484;4;4;0.0;0.0;1
1643;1;0;0;0;462;462;462;1;1;0.0;0.0;0
1644;7;0;0;4;100;60;584;3;3;0.0;0.0;0
1645;12;0;0;6;100;60;1016;3;3;0.0;0.0;0
1646;47;0;0;34;100;60;3756;8;8;0.0;0.0;0
1647;8;8;0;0;72;72;576;2;2;0.0;0.0;1
1648;589;4;0;302;3500;60;189370;16;16;0.0;0.0;1
1649;559;0;0;371;2974;60;246124;11;10;0.0;0.0;0
1650;505;0;0;329;3351;60;231798;17;17;0.0;0.0;0
1651;258;4;0;170;3009;60;67656;8;7;0.0;0.0;1
1652;9;4;4;0;590;64;4784;3;3;42449.0;3186.0;1
1653;0;0;0;0;0;0;0;0;0;0.0;0.0;0
1654;37;10;10;12;670;60;13496;7;7;523.0;80.0;1
1655;585;2;12;472;3327;60;510772;13;11;443.0;55035.0;1
1656;13;2;2;6;590;60;3024;6;6;443.0;54820.0;1
1657;72;4;6;13;1030;60;13256;7;7;53.0;53.0;1
1658;25;2;4;14;590;60;4960;8;8;443.0;443.0;1
1659;3;0;0;0;94;94;282;1;1;0.0;0.0;0
1660;71;4;0;54;230;60;5998;10;10;0.0;0.0;1
1661;10;0;0;9;85;60;650;2;2;0.0;0.0;0
1662;4;0;0;2;74;60;272;3;3;0.0;0.0;0
1663;6;0;0;6;74;66;428;3;3;0.0;0.0;1
1664;39;8;8;14;1042;64;17948;4;4;14421.0;22.0;1
1665;34;0;0;27;1801;60;8782;6;6;0.0;0.0;1
1666;25;2;2;15;1030;60;5212;5;5;22.0;22.0;1
1667;16;0;0;12;100;60;1280;3;3;0.0;0.0;0
1668;15;0;0;12;150;60;1268;6;6;0.0;0.0;1
1669;3;0;0;0;94;94;282;1;1;0.0;0.0;0
1670;15;0;0;12;150;60;1268;6;6;0.0;0.0;1
1671;12;6;4;0;590;92;5144;2;2;523.0;137.0;1
1672;14;0;0;10;134;60;1156;4;4;0.0;0.0;1
1673;0;0;0;0;0;0;0;0;0;0.0;0.0;0
1674;37;26;6;0;1030;64;11800;4;4;53827.0;1166.0;1
1675;38;12;8;17;110;60;3018;6;6;443.0;33434.0;1
1676;21;2;6;12;1030;60;4640;3;3;33434.0;33434.0;1
1677;14;0;2;12;1030;60;3068;2;2;33434.0;33434.0;1
1678;12;0;0;8;94;60;850;5;5;0.0;0.0;0
1679;12;8;4;0;1030;72;6768;2;2;60419.0;20762.0;1
1680;13;4;0;8;82;60;896;6;6;0.0;0.0;1
1681;21;20;0;0;462;82;2102;3;3;0.0;0.0;1
1682;33;26;6;0;590;64;8784;3;3;623.0;28537.0;1
1683;30;20;0;6;94;60;2376;3;3;0.0;0.0;1
1684;31;24;0;6;82;60;2352;3;3;0.0;0.0;1
1685;290;28;0;184;2962;60;123272;11;11;0.0;0.0;1
1686;50;20;0;24;2962;60;13380;5;5;0.0;0.0;1
1687;20;20;0;0;82;82;1640;2;2;0.0;0.0;1
1688;32;20;0;8;94;60;2450;7;7;0.0;0.0;1
1689;20;20;0;0;82;82;1640;2;2;0.0;0.0;1
1690;33;20;0;8;82;60;2448;8;8;0.0;0.0;1
1691;88;30;10;42;1030;66;17860;4;4;443.0;443.0;1
1692;26;20;0;0;94;60;2140;5;5;0.0;0.0;1
1693;28;24;4;0;670;82;6680;2;2;523.0;50481.0;1
1694;21;20;0;0;82;64;1704;3;3;0.0;0.0;1
1695;44;26;8;10;1030;60;11416;6;7;33647.0;443.0;1
1696;39;26;2;8;590;60;5124;6;6;443.0;443.0;1
1697;23;20;0;0;94;82;1922;3;3;0.0;0.0;1
1698;38;24;2;8;578;60;5350;7;7;522.0;137.0;1
1699;20;20;0;0;82;82;1640;2;2;0.0;0.0;1
1700;29;20;0;8;82;60;2208;6;6;0.0;0.0;1
1701;20;20;0;0;82;82;1640;2;2;0.0;0.0;1
1702;26;20;0;0;94;60;2140;5;5;0.0;0.0;1
1703;32;20;0;10;100;60;2520;5;5;0.0;0.0;1
1704;49;20;0;13;229;60;4746;7;7;0.0;0.0;1
1705;64;20;0;32;100;60;5248;13;13;0.0;0.0;1
1706;31;12;14;4;1030;60;17952;5;5;523.0;8101.0;1
1707;51;0;0;34;100;60;4146;6;6;0.0;0.0;0
1708;63;0;0;38;2974;60;14830;9;9;0.0;0.0;0
1709;24;0;0;16;100;60;1944;3;3;0.0;0.0;0
1710;110;8;12;60;3204;60;40642;12;12;80.0;80.0;1
1711;379;0;0;299;3161;60;150716;11;11;0.0;0.0;0
1712;209;4;8;105;2462;60;70388;11;10;443.0;443.0;1
1713;0;0;0;0;0;0;0;0;0;0.0;0.0;0
1714;25;0;0;22;100;60;1736;6;5;0.0;0.0;1
1715;8;4;0;4;72;60;540;4;4;0.0;0.0;1
1716;55;0;0;53;85;60;3378;8;8;0.0;0.0;0
1717;15;0;0;10;94;60;1110;5;5;0.0;0.0;0
1718;33;8;8;16;590;60;10548;6;5;80.0;15381.0;1
1719;16;0;0;8;100;60;1212;4;4;0.0;0.0;0
1720;37;8;4;18;590;60;6898;9;9;34576.0;443.0;1
1721;16;4;0;12;72;60;1044;5;5;0.0;0.0;1
1722;26;12;12;0;670;60;12532;4;4;523.0;34704.0;1
1723;4;0;0;0;60;60;240;2;2;0.0;0.0;0
1724;1;0;0;0;64;64;64;1;1;0.0;0.0;0
1725;16;8;4;4;1030;60;7020;4;4;33363.0;13010.0;1
1726;22;0;0;16;100;60;1610;7;7;0.0;0.0;0
1727;0;0;0;0;0;0;0;0;0;0.0;0.0;0
1728;5;0;0;4;66;60;316;3;3;0.0;0.0;0
1729;8;4;4;0;1030;590;6480;2;2;53827.0;1876.0;1
1730;13;0;0;8;94;60;944;5;5;0.0;0.0;0
1731;8;0;0;8;66;60;504;2;2;0.0;0.0;0
1732;6;2;2;0;1030;60;3364;4;4;52535.0;63856.0;1
1733;20;12;8;0;590;72;9728;2;2;5437.0;5064.0;1
1734;27;2;2;22;1030;60;4624;5;5;80.0;80.0;1
1735;20;16;0;4;82;60;1564;4;4;0.0;0.0;1
1736;12;4;0;4;94;64;938;6;6;0.0;0.0;1
1737;1;0;0;0;462;462;462;1;1;0.0;0.0;0
1738;45;2;2;40;590;60;4836;5;20;25119.0;443.0;1
1739;4;0;0;0;94;94;376;1;1;0.0;0.0;0
1740;9;0;0;8;66;60;568;4;4;0.0;0.0;0
1741;8;0;0;0;140;60;690;4;4;0.0;0.0;0
1742;5;2;2;0;1030;64;3304;3;3;62217.0;9859.0;1
1743;0;0;0;0;0;0;0;0;0;0.0;0.0;0
1744;1;0;0;0;64;64;64;1;1;0.0;0.0;0
1745;15;0;0;11;97;60;1124;5;5;0.0;0.0;0
1746;1;0;0;0;64;64;64;1;1;0.0;0.0;0
1747;0;0;0;0;0;0;0;0;0;0.0;0.0;0
1748;5;0;0;0;94;64;440;2;2;0.0;0.0;0
1749;10;2;2;0;590;87;2942;4;4;5353.0;5353.0;1
1750;13;2;0;8;120;60;992;6;6;0.0;0.0;1
1751;0;0;0;0;0;0;0;0;0;0.0;0.0;0
1752;12;4;0;6;72;60;772;4;4;0.0;0.0;1
1753;1;0;0;0;462;462;462;1;1;0.0;0.0;0
1754;1;0;0;0;64;64;64;1;1;0.0;0.0;0
1755;7;0;0;4;94;60;534;3;3;0.0;0.0;0
1756;13;6;6;0;1030;64;9784;3;3;53827.0;21325.0;1
1757;0;0;0;0;0;0;0;0;0;0.0;0.0;0
1758;17;8;0;4;94;64;1312;4;4;0.0;0.0;1
1759;58;4;0;36;1484;60;11372;5;5;0.0;0.0;1
1760;77;2;2;54;1042;60;14938;7;7;465.0;59818.0;1
1761;50;12;14;17;1030;60;20202;4;4;523.0;22.0;1
1762;6;4;0;0;72;60;412;4;4;0.0;0.0;1
1763;88;2;2;50;1484;66;17678;6;6;465.0;49160.0;1
1764;25;0;0;18;444;60;3156;3;3;0.0;0.0;0
1765;79;0;0;32;150;60;6642;11;12;0.0;0.0;1
1766;45;4;2;22;670;60;5836;9;9;137.0;137.0;1
1767;24;0;0;12;100;60;2080;4;4;0.0;0.0;0
1768;39;0;0;26;134;60;3320;6;6;0.0;0.0;1
1769;4;0;0;0;60;60;240;2;2;0.0;0.0;0
1770;25;14;10;0;590;64;12152;3;3;12132.0;10258.0;1
1771;6;0;0;6;60;60;360;2;2;0.0;0.0;0
1772;1;0;0;0;64;64;64;1;1;0.0;0.0;0
1773;6;0;0;6;60;60;360;2;2;0.0;0.0;1
1774;24;10;10;0;590;64;12146;4;4;5840.0;2524.0;1
1775;4;0;0;0;90;90;360;2;2;0.0;0.0;0
1776;7;2;4;0;1030;64;4484;3;3;63665.0;977.0;1
1777;14;0;0;6;100;60;1228;3;3;0.0;0.0;0
1778;1;0;0;0;64;64;64;1;1;0.0;0.0;0
1779;0;0;0;0;0;0;0;0;0;0.0;0.0;0
1780;1;0;0;0;64;64;64;1;1;0.0;0.0;0
1781;0;0;0;0;0;0;0;0;0;0.0;0.0;0
1782;2;0;0;0;64;60;124;2;2;0.0;0.0;0
1783;0;0;0;0;0;0;0;0;0;0.0;0.0;0
1784;4;0;0;0;94;64;346;2;2;0.0;0.0;0
1785;0;0;0;0;0;0;0;0;0;0.0;0.0;0
1786;5;0;0;0;94;64;440;2;2;0.0;0.0;0
1787;3;0;0;0;462;90;894;3;3;0.0;0.0;0
1788;27;12;12;0;670;64;15096;4;5;523.0;8921.0;1
1789;28;6;12;0;590;62;10073;3;5;5353.0;5353.0;1
1790;863;8;0;849;388;60;53179;5;5;0.0;0.0;1
1791;13;4;6;2;1030;60;8871;3;3;48713.0;9492.0;1
1792;5;0;0;0;203;60;511;4;4;0.0;0.0;1
1793;5;2;2;0;590;211;2571;3;3;33535.0;8016.0;1
1794;12;8;0;0;94;60;874;4;4;0.0;0.0;1
1795;4;4;0;0;72;72;288;2;2;0.0;0.0;1
1796;17;4;0;6;342;60;1633;6;6;0.0;0.0;1
1797;8;4;4;0;1030;590;6480;2;2;63665.0;45099.0;1
1798;21;4;4;10;1030;64;7496;3;3;63665.0;22.0;1
1799;44;4;0;30;1042;66;9696;2;2;0.0;0.0;1
1800;1;0;0;0;64;64;64;1;1;0.0;0.0;0
1801;6;0;0;5;146;66;556;2;2;0.0;0.0;1
1802;4;0;0;2;462;64;658;3;3;0.0;0.0;1
1803;4;0;0;0;342;94;624;2;2;0.0;0.0;0
1804;2;0;0;0;203;64;267;2;2;0.0;0.0;0
1805;4;0;0;0;94;94;376;1;1;0.0;0.0;0
1806;1;0;0;0;64;64;64;1;1;0.0;0.0;0
1807;4;4;0;0;72;72;288;2;2;0.0;0.0;1
1808;13;6;6;0;1030;64;9784;3;3;53827.0;26005.0;1
1809;0;0;0;0;0;0;0;0;0;0.0;0.0;0
1810;1;0;0;0;64;64;64;1;1;0.0;0.0;0
1811;0;0;0;0;0;0;0;0;0;0.0;0.0;0
1812;3;0;0;0;342;60;466;3;3;0.0;0.0;0
1813;23;10;10;0;1030;94;16482;3;3;60419.0;14696.0;1
1814;5;0;0;0;94;64;440;2;2;0.0;0.0;0
1815;4;2;2;0;578;550;2256;2;2;623.0;28178.0;1
1816;11;4;6;0;590;64;5964;3;3;5694.0;5424.0;1
1817;0;0;0;0;0;0;0;0;0;0.0;0.0;0
1818;1;0;0;0;64;64;64;1;1;0.0;0.0;0
1819;42;0;0;34;100;60;3040;4;4;0.0;0.0;0
1820;46;0;0;37;203;60;3347;8;8;0.0;0.0;1
1821;24;0;0;20;100;60;1700;4;4;0.0;0.0;1
1822;35;0;0;24;100;60;2596;6;6;0.0;0.0;0
1823;8;2;2;0;590;60;2600;4;4;17928.0;42975.0;1
1824;5;0;0;0;94;64;440;2;2;0.0;0.0;0
1825;20;10;10;0;590;590;11800;2;2;18243.0;5674.0;1
1826;5;2;2;0;590;64;2424;3;3;65348.0;15789.0;1
1827;8;6;2;0;590;72;2648;2;2;39983.0;50743.0;1
1828;1;0;0;0;64;64;64;1;1;0.0;0.0;0
1829;20;6;12;2;590;66;10752;3;3;35772.0;7967.0;1
1830;5;2;2;0;590;64;2424;3;3;36198.0;55208.0;1
1831;23;8;0;10;100;60;1708;5;5;0.0;0.0;1
1832;10;2;0;2;342;64;1414;6;6;0.0;0.0;1
1833;10;4;0;0;110;72;860;4;5;0.0;0.0;1
1834;170;2;2;57;2463;60;24943;13;16;53.0;53.0;1
1835;280;0;0;195;2974;60;88081;14;15;0.0;0.0;1
1836;509;4;0;370;2914;60;155627;13;12;0.0;0.0;1
1837;1159;0;0;745;2974;60;611009;19;18;0.0;0.0;1
1838;183;0;0;124;552;60;20460;10;8;0.0;0.0;1
1839;25;8;8;4;1030;66;12491;6;5;523.0;31624.0;1
1840;62;4;6;40;2690;60;24790;6;6;443.0;55111.0;1
1841;45;0;0;33;1763;60;8915;7;7;0.0;0.0;0
1842;22;0;0;13;134;60;1732;7;6;0.0;0.0;0
1843;20;0;0;19;150;66;1488;3;3;0.0;0.0;1
1844;13;6;2;4;590;60;2964;5;5;30585.0;5698.0;1
1845;40;8;8;22;590;60;11216;5;5;22.0;22.0;1
1846;20;2;2;14;590;60;3750;6;6;80.0;80.0;1
1847;95;0;0;73;2578;60;18204;8;8;0.0;0.0;0
1848;5;2;2;0;590;64;2424;3;3;29416.0;32003.0;1
1849;1;0;0;0;203;203;203;1;1;0.0;0.0;0
1850;8;0;0;4;94;64;610;3;3;0.0;0.0;0
1851;22;10;12;0;590;570;12820;2;2;623.0;8207.0;1
1852;16;0;6;0;590;60;4620;5;5;546.0;547.0;1
1853;9;2;0;0;342;92;1346;4;4;0.0;0.0;1
1854;3;0;0;2;64;60;184;2;2;0.0;0.0;0
1855;18;0;0;14;145;60;1456;5;4;0.0;0.0;0
1856;25;6;10;8;590;60;10008;5;5;80.0;80.0;1
1857;56;0;0;46;230;60;4970;7;7;0.0;0.0;0
1858;5;2;2;0;590;64;2424;3;3;623.0;50616.0;1
1859;5;0;0;0;462;145;1042;2;2;0.0;0.0;0
1860;4;0;0;0;94;64;346;2;2;0.0;0.0;0
1861;0;0;0;0;0;0;0;0;0;0.0;0.0;0
1862;11;0;0;6;94;60;800;4;4;0.0;0.0;1
1863;16;8;8;0;1030;590;12960;2;2;5323.0;31870.0;1
1864;5;4;0;0;72;64;352;3;3;0.0;0.0;1
1865;18;0;0;16;342;60;1541;6;6;0.0;0.0;0
1866;9;0;0;8;66;60;568;3;3;0.0;0.0;0
1867;44;8;8;24;590;60;11520;9;9;80.0;80.0;1
1868;17;10;6;0;1030;64;10072;3;3;50115.0;44482.0;1
1869;4;4;0;0;72;72;288;2;2;0.0;0.0;1
1870;16;8;2;0;578;64;5146;4;4;623.0;88.0;1
1871;4;0;0;0;94;94;376;1;1;0.0;0.0;0
1872;2;0;0;0;64;60;124;2;2;0.0;0.0;0
1873;4;4;0;0;72;72;288;2;2;0.0;0.0;1
1874;1;0;0;0;64;64;64;1;1;0.0;0.0;0
1875;16;0;0;16;66;60;996;4;4;0.0;0.0;0
1876;21;6;6;8;1030;60;10288;5;5;46295.0;80.0;1
1877;26;0;0;24;342;60;1952;8;8;0.0;0.0;0
1878;3;0;0;0;110;64;260;2;3;0.0;0.0;0
1879;153;0;0;100;2974;60;70381;7;11;0.0;0.0;0
1880;631;0;0;364;2914;60;261999;16;17;0.0;0.0;0
1881;909;4;0;575;3467;60;312233;22;21;0.0;0.0;1
1882;39;0;0;23;496;60;4391;7;7;0.0;0.0;0
1883;35;0;0;13;571;60;4529;6;5;0.0;0.0;0
1884;1;0;0;0;64;64;64;1;1;0.0;0.0;0
1885;54;0;0;51;1514;60;9104;7;8;0.0;0.0;0
1886;61;2;2;44;3187;60;28741;9;9;443.0;443.0;1
1887;79;0;0;60;492;60;7914;12;11;0.0;0.0;0
1888;5;2;2;0;590;64;2424;3;3;6769.0;13706.0;1
1889;62;0;0;22;2974;60;20418;5;4;0.0;0.0;0
1890;5;0;0;4;66;60;316;3;3;0.0;0.0;0
1891;16;0;0;12;66;60;984;6;6;0.0;0.0;0
1892;19;0;0;12;279;60;2324;3;3;0.0;0.0;0
1893;30;8;8;12;670;60;11080;4;4;523.0;443.0;1
1894;42;0;0;18;438;60;5277;8;8;0.0;0.0;0
1895;58;4;4;41;1030;60;9474;11;11;443.0;443.0;1
1896;103;6;10;58;2974;60;29842;13;13;443.0;443.0;1
1897;32;0;6;26;670;60;5640;8;8;80.0;80.0;1
1898;10;2;0;2;120;64;902;5;5;0.0;0.0;1
1899;9;0;0;4;462;60;1090;4;4;0.0;0.0;0
1900;13;4;8;0;670;64;7784;3;3;523.0;11736.0;1
1901;42;4;0;28;236;60;3846;10;10;0.0;0.0;1
1902;38;0;0;25;206;60;3608;5;5;0.0;0.0;0
1903;4;2;2;0;590;590;2360;2;2;55697.0;58845.0;1
1904;9;4;0;4;72;60;604;5;5;0.0;0.0;1
1905;17;6;2;8;590;60;3454;5;5;80.0;80.0;1
1906;21;8;4;8;1030;60;6456;5;5;80.0;80.0;1
1907;30;0;0;30;66;60;1876;8;9;0.0;0.0;0
1908;8;2;2;0;590;64;2706;4;4;47848.0;9243.0;1
1909;20;6;6;4;1030;60;10348;5;5;18499.0;21981.0;1
1910;8;4;0;2;203;60;675;4;4;0.0;0.0;1
1911;36;0;0;27;3597;60;13402;7;7;0.0;0.0;0
1912;4;0;0;2;64;60;244;3;3;0.0;0.0;0
1913;3;0;0;2;462;60;582;2;2;0.0;0.0;0
1914;5;0;0;4;66;60;316;3;3;0.0;0.0;0
1915;20;0;0;16;145;60;1564;5;5;0.0;0.0;1
1916;10;0;0;8;342;60;910;4;4;0.0;0.0;0
1917;31;0;0;28;94;60;2034;9;9;0.0;0.0;0
1918;11;6;2;2;590;60;2832;3;3;17172.0;50094.0;1
1919;6;0;0;2;94;60;496;2;2;0.0;0.0;1
1920;1;0;0;0;64;64;64;1;1;0.0;0.0;0
1921;32;6;6;16;590;60;8316;9;9;443.0;443.0;1
1922;404;10;6;352;2962;60;386640;8;8;443.0;51524.0;1
1923;2;0;0;0;130;86;216;1;2;0.0;0.0;0
1924;15;2;2;4;590;60;3434;6;8;623.0;5879.0;1
1925;18;2;2;8;1030;60;5056;6;7;80.0;80.0;1
1926;26;0;0;20;1042;60;5227;5;5;0.0;0.0;1
1927;64;6;6;43;914;60;13117;12;12;80.0;59378.0;1
1928;14;0;0;5;211;64;1619;5;5;0.0;0.0;1
1929;0;0;0;0;0;0;0;0;0;0.0;0.0;0
1930;7;0;0;4;150;64;764;3;3;0.0;0.0;1
1931;17;0;0;16;203;60;1199;6;6;0.0;0.0;0
1932;29;0;0;18;342;60;3174;7;7;0.0;0.0;1
1933;4;2;0;0;120;92;424;2;2;0.0;0.0;1
1934;5;0;0;4;66;60;316;3;3;0.0;0.0;0
1935;18;0;0;16;134;60;1404;4;4;0.0;0.0;1
1936;6;0;0;2;94;64;478;3;3;0.0;0.0;1
1937;42;0;0;42;66;60;2616;10;10;0.0;0.0;1
1938;19;4;0;6;100;60;1648;7;7;0.0;0.0;1
1939;73;0;0;48;203;60;6279;14;14;0.0;0.0;1
1940;51;0;0;36;100;60;3776;9;12;0.0;0.0;0
1941;20;0;0;18;100;60;1316;5;6;0.0;0.0;0
1942;42;12;4;15;2974;60;18238;7;7;443.0;59853.0;1
1943;0;0;0;0;0;0;0;0;0;0.0;0.0;0
1944;13;4;0;8;72;60;832;4;4;0.0;0.0;1
1945;10;0;0;10;66;60;636;3;2;0.0;0.0;0
1946;16;2;2;6;1030;60;4226;6;6;443.0;443.0;1
1947;35;4;0;30;462;60;2622;9;9;0.0;0.0;1
1948;7;0;0;2;94;64;572;3;3;0.0;0.0;0
1949;4;2;2;0;590;590;2360;2;2;5852.0;29768.0;1
1950;13;0;0;12;64;60;784;3;3;0.0;0.0;0
1951;97;4;4;66;2787;60;20386;11;11;465.0;55115.0;1
1952;76;0;0;61;416;60;6734;12;13;0.0;0.0;0
1953;50;0;0;40;139;60;3860;8;8;0.0;0.0;0
1954;13;0;0;8;100;60;1104;4;4;0.0;0.0;0
1955;12;4;0;4;203;60;1025;6;6;0.0;0.0;1
1956;17;6;6;0;590;60;7384;5;5;38225.0;17299.0;1
1957;44;2;2;24;590;60;6606;5;5;443.0;55102.0;1
1958;116;4;4;81;2914;60;24872;9;9;443.0;443.0;1
1959;243;2;2;80;2996;60;60414;7;7;53.0;53.0;1
1960;255;4;6;172;2974;60;84326;14;14;443.0;443.0;1
1961;930;2;8;604;2914;60;454706;21;20;443.0;443.0;1
1962;384;0;0;256;2914;60;194462;11;10;0.0;0.0;0
1963;28;0;0;16;163;66;2296;4;3;0.0;0.0;0
1964;54;0;0;44;2690;60;18188;4;4;0.0;0.0;0
1965;43;0;0;26;1760;60;8714;5;5;0.0;0.0;0
1966;12;0;0;10;462;60;1150;5;4;0.0;0.0;0
1967;31;0;0;24;110;60;2242;5;4;0.0;0.0;0
1968;2;0;0;0;110;64;174;2;2;0.0;0.0;0
1969;4;0;0;4;66;60;252;2;2;0.0;0.0;0
1970;1;0;0;0;64;64;64;1;1;0.0;0.0;0
1971;54;0;0;44;966;60;7752;8;8;0.0;0.0;0
1972;10;0;0;8;66;60;628;4;4;0.0;0.0;0
1973;0;0;0;0;0;0;0;0;0;0.0;0.0;0
1974;5;0;0;4;66;64;328;2;2;0.0;0.0;0
1975;11;4;0;4;94;60;822;5;5;0.0;0.0;1
1976;1;0;0;0;64;64;64;1;1;0.0;0.0;0
1977;4;0;0;0;94;94;376;1;1;0.0;0.0;0
1978;5;4;0;0;72;64;352;3;3;0.0;0.0;1
1979;97;4;0;52;2461;60;21110;8;8;0.0;0.0;1
1980;9;4;0;0;72;60;592;5;5;0.0;0.0;1
1981;68;0;0;56;338;60;6114;11;11;0.0;0.0;1
1982;9;0;0;8;66;60;568;3;3;0.0;0.0;0
1983;4;4;0;0;72;72;288;2;2;0.0;0.0;1
1984;4;0;0;0;94;64;346;2;2;0.0;0.0;0
1985;4;0;0;4;66;60;252;2;2;0.0;0.0;0
1986;5;0;0;0;94;64;440;2;2;0.0;0.0;0
1987;6;0;0;6;60;60;360;2;2;0.0;0.0;1
1988;1;0;0;0;64;64;64;1;1;0.0;0.0;0
1989;8;0;0;8;66;60;504;4;4;0.0;0.0;0
1990;13;0;0;8;100;60;1036;3;3;0.0;0.0;0
1991;26;4;0;22;72;60;1644;8;9;0.0;0.0;1
1992;12;0;0;10;66;60;760;5;4;0.0;0.0;0
1993;3;0;0;0;94;94;282;1;1;0.0;0.0;0
1994;1;0;0;0;64;64;64;1;1;0.0;0.0;0
1995;4;0;0;4;66;60;252;2;2;0.0;0.0;0
1996;25;0;0;19;94;60;1690;5;5;0.0;0.0;0
1997;36;0;0;22;149;60;3120;5;5;0.0;0.0;0
1998;222;0;0;138;3548;60;76474;17;17;0.0;0.0;0
1999;1254;0;0;903;3607;60;980576;17;18;0.0;0.0;0
2000;2056;0;0;1534;3447;60;1665114;23;24;0.0;0.0;0
2001;1069;0;0;737;2974;60;576672;23;24;0.0;0.0;0
2002;1704;0;0;1112;3609;60;678448;41;40;0.0;0.0;0
2003;330;0;0;244;3571;60;141296;16;17;0.0;0.0;0
2004;5;0;0;0;149;64;660;2;2;0.0;0.0;0
2005;16;0;0;14;97;60;1144;4;4;0.0;0.0;0
2006;17;0;0;10;100;60;1290;4;4;0.0;0.0;0
2007;0;0;0;0;0;0;0;0;0;0.0;0.0;0
2008;45;0;0;40;119;60;3250;7;7;0.0;0.0;0
2009;12;0;0;12;66;60;768;6;6;0.0;0.0;0
2010;43;0;0;42;66;60;2776;10;10;0.0;0.0;0
2011;86;4;0;65;229;60;7308;14;15;0.0;0.0;1
2012;111;4;0;97;149;60;7858;18;22;0.0;0.0;1
2013;71;0;0;67;97;60;4808;17;12;0.0;0.0;0
2014;13;0;0;8;74;60;864;7;7;0.0;0.0;1
2015;34;8;0;16;1042;66;8004;3;3;0.0;0.0;1
2016;39;0;0;31;134;60;3180;7;7;0.0;0.0;1
2017;31;4;0;19;462;60;2930;8;8;0.0;0.0;1
2018;17;0;0;13;100;64;1318;6;6;0.0;0.0;0
2019;46;0;0;36;150;60;3732;11;12;0.0;0.0;1
2020;69;4;0;54;100;60;5068;15;14;0.0;0.0;1
2021;54;0;0;48;150;60;4032;13;13;0.0;0.0;1
2022;56;0;0;50;112;60;3960;11;11;0.0;0.0;0
2023;97;0;0;93;134;60;6726;17;19;0.0;0.0;1
